啊,a/e4/a1/a2/a3/a4,A
阿,a1/e1/e3/a3/a4/a,A
埃,ai1/zhi4,A
挨,ai1/ai2,A
哎,ai1,A
唉,ai1/ai3/ai4,A
哀,ai1,A
皑,ai2,A
癌,ai2/yan2,A
蔼,ai3,A
矮,ai3,A
艾,ai4/yi4,A
碍,ai4,A
爱,ai4,A
隘,ai4/e4,A
鞍,an1,A
氨,an1,A
安,an1,A
俺,an3/yan4,A
按,an4,A
暗,an4,A
岸,an4,A
胺,an4/e4,A
案,an4,A
肮,ang1/hang2/gang1,A
昂,ang2/yang4,A
盎,ang4,A
凹,ao1/wa1,A
敖,ao2/ao4,A
熬,ao2/ao1,A
翱,ao2,A
袄,ao3,A
傲,ao4/ao2,A
奥,ao4/yu4/you1,A
懊,ao4/yu4,A
澳,ao4/yu4,A
芭,ba1/pa1,B
捌,ba1/bie2,B
扒,ba1/bai4/bie2/pa2,B
叭,ba1/pa1/ba,B
吧,ba/ba1/pa1,B
笆,ba1,B
八,ba1/ba2,B
疤,ba1,B
巴,ba1,B
拔,ba2/bo1/bie2/fa2/bei4,B
跋,ba2/bei4,B
靶,ba3/ba4,B
把,ba3/ba4/pa2,B
耙,ba4/pa2,B
坝,ba4,B
霸,ba4/po4,B
罢,ba4/ba,B
爸,ba4,B
白,bai2/bo2,B
柏,bai3/bo2/bo4,B
百,bai3/bo2/mo4,B
摆,bai3,B
佰,bai3/mo4,B
败,bai4,B
拜,bai4,B
稗,bai4,B
斑,ban1,B
班,ban1,B
搬,ban1/su4,B
扳,ban1/pan1,B
般,ban1/pan2/ban3/bo1,B
颁,ban1,B
板,ban3,B
版,ban3,B
扮,ban4/fen3/fen1/huo3,B
拌,ban4/pan1,B
伴,ban4/pan4,B
瓣,ban4,B
半,ban4/pan4,B
办,ban4,B
绊,ban4,B
邦,bang1,B
帮,bang1,B
梆,bang1,B
榜,bang3/beng1/bang4/pang2/peng2,B
膀,bang3/pang2/pang1/bang4/pang3,B
绑,bang3,B
棒,bang4,B
磅,bang4/pang1/pang2,B
蚌,bang4/pi2/feng1/beng4,B
镑,bang4,B
傍,bang4/pang2/beng1/peng2,B
谤,bang4,B
苞,bao1/pao2/biao1,B
胞,bao1/pao2/pao4,B
包,bao1/pao2/fu2,B
褒,bao1,B
剥,bo1/bao1/pu1,B
薄,bao2/bo2/bu4/bo4,B
雹,bao2,B
保,bao3,B
堡,bao3/bu3/pu4,B
饱,bao3,B
宝,bao3,B
抱,bao4/pao1/pou3,B
报,bao4,B
暴,bao4/pu4/bo2,B
豹,bao4,B
鲍,bao4,B
爆,bao4/bo2,B
杯,bei1,B
碑,bei1,B
悲,bei1,B
卑,bei1/bi3/bi4/pi2/ban1,B
北,bei3/bei4,B
辈,bei4,B
背,bei4/bei1,B
贝,bei4,B
钡,bei4,B
倍,bei4/pei2,B
狈,bei4,B
备,bei4,B
惫,bei4,B
焙,bei4,B
被,bei4/bi4/pi1/pi4,B
奔,ben1/ben4/fen4,B
苯,ben3,B
本,ben3/ben1,B
笨,ben4,B
崩,beng1,B
绷,beng1/beng3/beng4,B
甭,beng2/qi4,B
泵,beng4/pin4/liu2,B
蹦,beng4,B
迸,beng4,B
逼,bi1,B
鼻,bi2,B
比,bi3/bi4/pi2/pi3,B
鄙,bi3,B
笔,bi3,B
彼,bi3,B
碧,bi4,B
蓖,bi4,B
蔽,bi4/bie1/pie1,B
毕,bi4,B
毙,bi4,B
毖,bi4,B
币,bi4/yin4,B
庇,bi4/pi2/pi3,B
痹,bi4,B
闭,bi4,B
敝,bi4,B
弊,bi4,B
必,bi4,B
辟,pi4/bi4/mi3/pi1,P
壁,bi4,B
臂,bi4/bei,B
避,bi4,B
陛,bi4,B
鞭,bian1,B
边,bian1/bian,B
编,bian1,B
贬,bian3,B
扁,bian3/pian1/bian1/pian2,B
便,bian4/pian2/bian1,B
变,bian4,B
卞,bian4/pan2,B
辨,bian4/bian3/ban4/pian4,B
辩,bian4,B
辫,bian4,B
遍,bian4,B
标,biao1,B
彪,biao1,B
膘,biao1/piao3,B
表,biao3,B
鳖,bie1,B
憋,bie1,B
别,bie2/bie4,B
瘪,bie3/bie1,B
彬,bin1/ban1,B
斌,bin1,B
濒,bin1,B
滨,bin1,B
宾,bin1,B
摈,bin4,B
兵,bing1,B
冰,bing1/ning2,B
柄,bing3,B
丙,bing3/bing4,B
秉,bing3,B
饼,bing3,B
炳,bing3,B
病,bing4,B
并,bing4/bing1,B
玻,bo1,B
菠,bo1,B
播,bo1/bo3,B
拨,bo1,B
钵,bo1,B
波,bo1/bei1/bi4,B
博,bo2,B
勃,bo2,B
搏,bo2,B
铂,bo2,B
箔,bo2,B
伯,bo2/mo4/ba4/bai3,B
帛,bo2,B
舶,bo2,B
脖,bo2/bo1,B
膊,bo2/po4/lie4,B
渤,bo2,B
泊,po1/bo2/po4,P
驳,bo2,B
捕,bu3,B
卜,bo/bu3/pu1,B
哺,bu3/bu1/fu3,B
补,bu3,B
埠,bu4,B
不,bu4/fou3/fou1/fu1/bu2,B
布,bu4,B
步,bu4,B
簿,bu4/bo2,B
部,bu4/pou3,B
怖,bu4,B
擦,ca1,C
猜,cai1,C
裁,cai2,C
材,cai2,C
才,cai2/zai1,C
财,cai2,C
睬,cai3,C
踩,cai3/kui2,C
采,cai3/cai4,C
彩,cai3,C
菜,cai4,C
蔡,cai4/sa4/ca1,C
餐,can1/sun1,C
参,can1/cen1/shen1,C
蚕,can2/tian3,C
残,can2,C
惭,can2,C
惨,can3,C
灿,can4,C
苍,cang1,C
舱,cang1,C
仓,cang1,C
沧,cang1,C
藏,cang2/zang4/zang1,C
操,cao1,C
糙,cao1,C
槽,cao2/zao1,C
曹,cao2,C
草,cao3/zao4,C
厕,ce4/si,C
策,ce4,C
侧,ce4/ze4/zhai1,C
册,ce4/zha4,C
测,ce4,C
层,ceng2,C
蹭,ceng4/ceng2,C
插,cha1/zha3,C
茬,cha2/chi2,C
茶,cha2,C
查,cha2/zha1/chai2,C
碴,cha2/cha1,C
搽,cha2,C
察,cha2/cui4,C
岔,cha4,C
差,cha4/cha1/chai1/chai4/ci1/cuo1/jie1,C
诧,cha4,C
拆,chai1/che4/chi4/ca1,C
柴,chai2/ci1/zhai4/zi4,C
豺,chai2,C
搀,chan1,C
掺,can4/chan1/shan3,C
蝉,chan2,C
馋,chan2,C
谗,chan2,C
缠,chan2,C
铲,chan3,C
产,chan3,C
阐,chan3,C
颤,chan4/zhan4,C
昌,chang1/chang4,C
猖,chang1,C
场,chang3/chang2,C
尝,chang2,C
常,chang2,C
长,zhang3/chang2,Z
偿,chang2,C
肠,chang2,C
厂,chang3/han3/yan2/an1,C
敞,chang3/cheng4/zheng4,C
畅,chang4,C
唱,chang4,C
倡,chang4/chang1,C
超,chao1/chao3/chao4/tiao4,C
抄,chao1/suo1/chao4/chao3,C
钞,chao1,C
朝,chao2/zhao1/zhu1,C
嘲,chao2/zhao1,C
潮,chao2,C
巢,chao2/chao4,C
吵,chao3/miao3/chao1/chao4,C
炒,chao3,C
车,che1/ju1,C
扯,che3,C
撤,che4,C
掣,che4,C
彻,che4,C
澈,che4,C
郴,chen1/lan2,C
臣,chen2,C
辰,chen2,C
尘,chen2,C
晨,chen2,C
忱,chen2/dan4,C
沉,chen2,C
陈,chen2,C
趁,chen4/zhen1/chen2/nian3/zhen3,C
衬,chen4,C
撑,cheng1,C
称,cheng1/chen4/cheng4,C
城,cheng2,C
橙,cheng2/deng4/chen2,C
成,cheng2,C
呈,cheng2/kuang2/cheng3,C
乘,cheng2/sheng4,C
程,cheng2,C
惩,cheng2,C
澄,cheng2/deng4,C
诚,cheng2,C
承,cheng2/zheng3/zheng4,C
逞,cheng3/ying2,C
骋,cheng3,C
秤,cheng4/cheng1/ping2,C
吃,chi1/qi1,C
痴,chi1,C
持,chi2,C
匙,shi/chi2,S
池,chi2/tuo2/che4,C
迟,chi2,C
弛,chi2,C
驰,chi2,C
耻,chi3,C
齿,chi3,C
侈,chi3,C
尺,chi3/che3,C
赤,chi4,C
翅,chi4,C
斥,chi4/che4/zhe4,C
炽,chi4,C
充,chong1,C
冲,chong1/chong4,C
虫,chong2/hui3,C
崇,chong2,C
宠,chong3,C
抽,chou1,C
酬,chou2,C
畴,chou2,C
踌,chou2,C
稠,chou2/tiao2/diao4,C
愁,chou2/qiao3/jiu1,C
筹,chou2,C
仇,chou2/qiu2/ju1,C
绸,chou2,C
瞅,chou3,C
丑,chou3,C
臭,chou4/xiu4,C
初,chu1,C
出,chu1,C
橱,chu2,C
厨,chu2,C
躇,chu2/chuo4,C
锄,chu2,C
雏,chu2,C
滁,chu2,C
除,chu2/zhu4/shu1,C
楚,chu3,C
础,chu3,C
储,chu3,C
矗,chu4,C
搐,chu4,C
触,chu4,C
处,chu4/chu3,C
揣,chuai1/chuai3/duo3/zhui1/tuan2/chuai4,C
川,chuan1,C
穿,chuan1/chuan4/yuan1,C
椽,chuan2,C
传,chuan2/zhuan4,C
船,chuan2,C
喘,chuan3,C
串,chuan4/guan4/quan4,C
疮,chuang1,C
窗,chuang1/cong1,C
幢,chuang2/zhuang4,C
床,chuang2,C
闯,chuang3,C
创,chuang4/chuang1,C
吹,chui1/chui4,C
炊,chui1,C
捶,chui2/duo3,C
锤,chui2,C
垂,chui2/zhui4,C
春,chun1/chun3,C
椿,chun1,C
醇,chun2,C
唇,chun2/zhen1/zhen4,C
淳,chun2/zhun1/zhun3,C
纯,chun2,C
蠢,chun3,C
戳,chuo1,C
绰,chuo4/chao1,C
疵,ci1/zi1/zhai4/ji4,C
茨,ci2,C
磁,ci2,C
雌,ci2,C
辞,ci2,C
慈,ci2,C
瓷,ci2,C
词,ci2,C
此,ci3,C
刺,ci4/qi4/ci1,C
赐,ci4,C
次,ci4/zi1/ci2,C
聪,cong1,C
葱,cong1/chuang1,C
囱,cong1/chuang1,C
匆,cong1,C
从,cong2/cong1,C
丛,cong2,C
凑,cou4,C
粗,cu1,C
醋,cu4/zuo4,C
簇,cu4/chuo4/cou4,C
促,cu4/chuo4,C
蹿,cuan1,C
篡,cuan4,C
窜,cuan4,C
摧,cui1/zui4/cuo4,C
崔,cui1,C
催,cui1,C
脆,cui4,C
瘁,cui4,C
粹,cui4/sui4,C
淬,cui4/zu2,C
翠,cui4,C
村,cun1,C
存,cun2,C
寸,cun4/cun3,C
磋,cuo1,C
撮,cuo1/zui4/zuan1/chua1/zuo3,C
搓,cuo1/cuo3/chai1,C
措,cuo4/ze2/ci4,C
挫,cuo4/zuo4,C
错,cuo4,C
搭,da1/ta4,D
达,da2/ti4/ta4,D
答,da2/da1,D
瘩,da/da2,D
打,da3/da2,D
大,da4/dai4/tai4,D
呆,dai1/bao3/ai2,D
歹,dai3/e4/dai1,D
傣,dai3,D
戴,dai4,D
带,dai4,D
殆,dai4,D
代,dai4,D
贷,dai4,D
袋,dai4,D
待,dai4/dai1,D
逮,dai3/dai4/di4,D
怠,dai4/yi2,D
耽,dan1,D
担,dan1/dan3/jie1/dan4,D
丹,dan1,D
单,dan1/chan2/shan4,D
郸,dan1,D
掸,dan3/shan4,D
胆,dan3/tan2/tan3/da2,D
旦,dan4,D
氮,dan4,D
但,dan4/tan3/yan4,D
惮,dan4,D
淡,dan4/yan4/tan2,D
诞,dan4,D
弹,dan4/tan2,D
蛋,dan4,D
当,dang1/dang4,D
挡,dang3/dang4,D
党,dang3,D
荡,dang4,D
档,dang4,D
刀,dao1/diao1,D
捣,dao3,D
蹈,dao3,D
倒,dao4/dao3,D
岛,dao3,D
祷,dao3,D
导,dao3,D
到,dao4,D
稻,dao4,D
悼,dao4,D
道,dao4/dao3,D
盗,dao4,D
德,de2,D
得,de2/dei3/de,D
的,de/di4/di2,D
蹬,deng1/deng4,D
灯,deng1/ding1,D
登,deng1/de2,D
等,deng3,D
瞪,deng4,D
凳,deng4,D
邓,deng4/shan1,D
堤,di1/ti2/di3/shi2/wei2,D
低,di1,D
滴,di1,D
迪,di2,D
敌,di2/hua2,D
笛,di2,D
狄,di2/ti4,D
涤,di2,D
翟,di2/zhai2,D
嫡,di2,D
抵,di3/zhi3/qi2,D
底,di3/de,D
地,de/di4,D
蒂,di4,D
第,di4,D
帝,di4,D
弟,di4/ti4/tui2,D
递,di4,D
缔,di4,D
颠,dian1,D
掂,dian1,D
滇,dian1/tian2/zhen1,D
碘,dian3,D
点,dian3,D
典,dian3/tian3,D
靛,dian4,D
垫,dian4,D
电,dian4,D
佃,dian4/tian2,D
甸,dian1/dian4/tian2/sheng4/ying4,D
店,dian4,D
惦,dian4,D
奠,dian4/ting2/ding4/zheng4/zun1,D
淀,dian4,D
殿,dian4,D
碉,diao1,D
叼,diao1,D
雕,diao1,D
凋,diao1,D
刁,diao1,D
掉,diao4/nuo2,D
吊,diao4,D
钓,diao4,D
调,diao4/tiao2,D
跌,die1/die2/tu2,D
爹,die1,D
碟,die2/she2,D
蝶,die2/tie1,D
迭,die2/yi4/da2,D
谍,die2,D
叠,die2,D
丁,ding1/zheng1,D
盯,ding1/cheng2,D
叮,ding1,D
钉,ding1/ding4,D
顶,ding3,D
鼎,ding3/zhen1,D
锭,ding4,D
定,ding4,D
订,ding4,D
丢,diu1,D
东,dong1,D
冬,dong1,D
董,dong3/zhong3,D
懂,dong3,D
动,dong4,D
栋,dong4,D
侗,dong4/tong1/tong2/tong3,D
恫,dong4/tong1,D
冻,dong4,D
洞,dong4/tong2,D
兜,dou1,D
抖,dou3,D
斗,dou4/dou3/zhu3,D
陡,dou3,D
豆,dou4,D
逗,dou4/zhu4/tou2/qi2,D
痘,dou4,D
都,dou1/du1,D
督,du1,D
毒,du2/dai4,D
犊,du2,D
独,du2,D
读,du2/dou4,D
堵,du3/zhe3/du1,D
睹,du3,D
赌,du3,D
杜,du4/du3/tu2,D
镀,du4,D
肚,du4/du3,D
度,du4/duo2/zhai2,D
渡,du4,D
妒,du4,D
端,duan1,D
短,duan3,D
锻,duan4,D
段,duan4,D
断,duan4,D
缎,duan4,D
堆,dui1/zui1,D
兑,dui4/rui4/duo2,D
队,dui4,D
对,dui4,D
墩,dun1,D
吨,dun1/tun2/tun3,D
蹲,dun1/zun2/cun2/zun1/cun3/cuan2/qun3,D
敦,dun1/dui1/tuan2/diao1/dun4/dao4/zhun3/tun1/dui4/tun2,D
顿,dun4/du2,D
囤,dun4/tun2,D
钝,dun4,D
盾,dun4/shun3/yun3,D
遁,dun4/qun1/xun2,D
掇,duo1/duo2/zhuo1,D
哆,duo1/chi3/zha4/chi4/duo4/die3,D
多,duo1,D
夺,duo2,D
垛,duo3/duo4,D
躲,duo3,D
朵,duo3,D
跺,duo4,D
舵,duo4,D
剁,duo4,D
惰,duo4/tuo2,D
堕,duo4/hui1,D
蛾,e2/yi3,E
峨,e2,E
鹅,e2,E
俄,e2,E
额,e2,E
讹,e2,E
娥,e2,E
恶,e4/e3/wu1/wu4,E
厄,e4/e3,E
扼,e4,E
遏,e4,E
鄂,e4,E
饿,e4,E
恩,en1,E
而,er2/neng2,E
儿,er2/ren2,E
耳,er3/reng2,E
尔,er3,E
饵,er3,E
洱,er3,E
二,er4,E
贰,er4,E
发,fa1/fa4,F
罚,fa2,F
筏,fa2,F
伐,fa2,F
乏,fa2,F
阀,fa2,F
法,fa3,F
珐,fa4,F
藩,fan1/fan2,F
帆,fan1/fan2/fan4,F
番,fan1/fan2/bo1/po2/pan1/pan2/pan4/pi2,F
翻,fan1,F
樊,fan2/fan4,F
矾,fan2,F
钒,fan2,F
繁,fan2/pan2/po2,F
凡,fan2,F
烦,fan2,F
反,fan3/fan4,F
返,fan3,F
范,fan4,F
贩,fan4,F
犯,fan4,F
饭,fan4,F
泛,fan4/feng3/fa2,F
坊,fang1/fang2,F
芳,fang1,F
方,fang1/fang2/fang3/pang2/wang3/feng1,F
肪,fang2,F
房,fang2/pang2,F
防,fang2,F
妨,fang2/fang1,F
仿,fang3/pang2,F
访,fang3,F
纺,fang3,F
放,fang4/fang3/fang1,F
菲,fei1/fei3/fei4,F
非,fei1/fei3,F
啡,fei1/pei4/pai2/pei1/bai4,F
飞,fei1,F
肥,fei2/bi3,F
匪,fei3/fei1/fen1,F
诽,fei3,F
吠,fei4,F
肺,fei4/pei4,F
废,fei4,F
沸,fei4/fu2,F
费,fei4,F
芬,fen1,F
酚,fen1,F
吩,fen1/pen4,F
氛,fen1,F
分,fen1/fen4/fen2/ban4,F
纷,fen1,F
坟,fen2,F
焚,fen2/fen4,F
汾,fen2/pen2/fen1,F
粉,fen3,F
奋,fen4/kang3,F
份,fen4/bin1,F
忿,fen4,F
愤,fen4,F
粪,fen4,F
丰,feng1,F
封,feng1/bian3,F
枫,feng1,F
蜂,feng1,F
峰,feng1,F
锋,feng1,F
风,feng1,F
疯,feng1,F
烽,feng1,F
逢,feng2/peng2/pang2,F
冯,feng2/ping2,F
缝,feng4/feng2,F
讽,feng4/feng3,F
奉,feng4,F
凤,feng4,F
佛,fu2/bo2/bi4/fo2,F
否,fou3/pi3,F
夫,fu1/fu2,F
敷,fu1,F
肤,fu1,F
孵,fu1,F
扶,fu2/pu2,F
拂,fu2/bi4/pi4/fei4,F
辐,fu2,F
幅,fu2/bi1,F
氟,fu2,F
符,fu2,F
伏,fu2/fu4,F
俘,fu2,F
服,fu2/fu4/bi4/bo2,F
浮,fu2,F
涪,fu2/pou2,F
福,fu2/fu4,F
袱,fu2,F
弗,fu2,F
甫,fu3/fu1/pu3,F
抚,fu3,F
辅,fu3,F
俯,fu3,F
釜,fu3,F
斧,fu3,F
脯,pu2/fu3,P
腑,fu3,F
府,fu3,F
腐,fu3,F
赴,fu4,F
副,fu4/pi4,F
覆,fu4,F
赋,fu4,F
复,fu4,F
傅,fu4/fu1,F
付,fu4,F
阜,fu4,F
父,fu4/fu3,F
腹,fu4,F
负,fu4,F
富,fu4,F
讣,fu4,F
附,fu4/bu4/fu1,F
妇,fu4,F
缚,fu4,F
咐,fu4/fu2,F
噶,ga2/ge2,G
嘎,ga1/ga2/ga3,G
该,gai1,G
改,gai3,G
概,gai4/gui4/jie2,G
钙,gai4,G
盖,gai4/ge3,G
溉,gai4/xie4,G
干,gan4/gan1/an4,G
甘,gan1/han1,G
杆,gan1/gan4/gan3,G
柑,gan1/qian2,G
竿,gan1/gan4/gan3,G
肝,gan1,G
赶,gan3/qian2,G
感,gan3/han4,G
秆,gan3,G
敢,gan3,G
赣,gan4,G
冈,gang1,G
刚,gang1,G
钢,gang1/gang4,G
缸,gang1,G
肛,gang1,G
纲,gang1,G
岗,gang3/gang1,G
港,gang3/hong4,G
杠,gang1/gong1/gang4,G
篙,gao1,G
皋,gao1/hao2/gu1,G
高,gao1/gao4,G
膏,gao1/gao4,G
羔,gao1,G
糕,gao1,G
搞,gao3/qiao1/kao4,G
镐,gao3/hao4,G
稿,gao3,G
告,gao4/ju1/gu4,G
哥,ge1,G
歌,ge1,G
搁,ge1/ge2,G
戈,ge1,G
鸽,ge1,G
胳,ge1/ge2/ga1,G
疙,ge1/yi4,G
割,ge1,G
革,ge2/ji2,G
葛,ge2/ge3,G
格,ge2/luo4/he4/ge1,G
蛤,ha2/ge2/ha1/e2,H
阁,ge2,G
隔,ge2/rong3/ji1,G
铬,ge4,G
个,ge4/gan4/ge3,G
各,ge4/ge3,G
给,gei3/ji3,G
根,gen1,G
跟,gen1,G
耕,geng1,G
更,geng4/geng1,G
庚,geng1,G
羹,geng1/lang2,G
埂,geng3,G
耿,geng3,G
梗,geng3,G
工,gong1,G
攻,gong1,G
功,gong1,G
恭,gong1,G
龚,gong1,G
供,gong1/gong4,G
躬,gong1,G
公,gong1,G
宫,gong1,G
弓,gong1,G
巩,gong3,G
汞,gong3,G
拱,gong3/ju4,G
贡,gong4,G
共,gong4/gong1/gong3/hong2,G
钩,gou1,G
勾,gou1/gou4,G
沟,gou1,G
苟,gou3/gou1,G
狗,gou3,G
垢,gou4,G
构,gou4,G
购,gou4,G
够,gou4,G
辜,gu1,G
菇,gu1,G
咕,gu1/gu,G
箍,gu1,G
估,gu1/gu4,G
沽,gu1/gu3,G
孤,gu1,G
姑,gu1,G
鼓,gu3,G
古,gu3/gu4/ku1,G
蛊,gu3,G
骨,gu3/gu2/gu1,G
谷,gu3/lu4/yu4,G
股,gu3,G
故,gu4,G
顾,gu4,G
固,gu4,G
雇,gu4/hu4,G
刮,gua1,G
瓜,gua1,G
剐,gua3,G
寡,gua3,G
挂,gua4,G
褂,gua4,G
乖,guai1,G
拐,guai3,G
怪,guai4,G
棺,guan1/guan4,G
关,guan1,G
官,guan1,G
冠,guan1/guan4,G
观,guan1/guan4,G
管,guan3,G
馆,guan3,G
罐,guan4,G
惯,guan4,G
灌,guan4/huan4,G
贯,guan4,G
光,guang1/guang4,G
广,guang3/yan3/an1,G
逛,guang4/kuang2,G
瑰,gui1,G
规,gui1,G
圭,gui1,G
硅,gui1/he4,G
归,gui1,G
龟,gui1/jun1/qiu1,G
闺,gui1,G
轨,gui3,G
鬼,gui3,G
诡,gui3,G
癸,gui3,G
桂,gui4/gui1,G
柜,gui4/ju3,G
跪,gui4,G
贵,gui4,G
刽,gui4,G
辊,gun3,G
滚,gun3,G
棍,gun4/hun4/ao1/gun3,G
锅,guo1,G
郭,guo1/guo2,G
国,guo2,G
果,guo3/luo3/guan4,G
裹,guo3,G
过,guo4/guo1,G
哈,ha1/ha4/he1/he2/ha3/ta4/sha4,H
骸,hai2/gai1,H
孩,hai2,H
海,hai3,H
氦,hai4,H
亥,hai4/jie1,H
害,hai4/he2,H
骇,hai4,H
酣,han1/han4,H
憨,han1,H
邯,han2/han4,H
韩,han2,H
含,han2/han4,H
涵,han2/han4,H
寒,han2,H
函,han2,H
喊,han3/kan4/jian1,H
罕,han3/han4,H
翰,han4,H
撼,han4,H
捍,han4/xian4/gan3,H
旱,han4,H
憾,han4/dan4,H
悍,han4,H
焊,han4,H
汗,han4/han2/gan1,H
汉,han4,H
夯,hang1/ben4,H
杭,hang2/kang4/kang1,H
航,hang2,H
壕,hao2,H
嚎,hao2,H
豪,hao2,H
毫,hao2,H
郝,hao3/shi4,H
好,hao3/hao4,H
耗,hao4/mao2/mao4,H
号,hao4/hao2/xiao1,H
浩,hao4/gao3/ge2,H
呵,he1/ha1/a1/a/ke1/huo1/a2/a4,H
喝,he1/ye4/he4/kai4,H
荷,he2/he4/he1,H
菏,he2/ge1,H
核,he2/gai1/kai4/hu2,H
禾,he2,H
和,he2/he4/huo4/huo2/hu2,H
何,he2/he4,H
合,he2/ge3,H
盒,he2/an1,H
貉,hao2/mo4/he2/ma4,H
阂,he2,H
河,he2,H
涸,he2,H
赫,he4/shi4,H
褐,he4,H
鹤,he4,H
贺,he4,H
嘿,hei1/mo4/mu4,H
黑,hei1,H
痕,hen2/gen4,H
很,hen3,H
狠,hen3/yan2/ken3/hang3,H
恨,hen4,H
哼,heng1/hng,H
亨,heng1/xiang3/peng1,H
横,heng2/heng4/guang1/guang4/huang2/huang4,H
衡,heng2,H
恒,heng2,H
轰,hong1,H
哄,hong1/hong4/hong3,H
烘,hong1,H
虹,hong2/hong4/gong4/jiang4,H
鸿,hong2,H
洪,hong2,H
宏,hong2,H
弘,hong2,H
红,hong2/gong1,H
喉,hou2,H
侯,hou2/hou4,H
猴,hou2,H
吼,hou3,H
厚,hou4,H
候,hou4,H
后,hou4,H
呼,hu1/xiao1/xu1/he4/xia4,H
乎,hu1,H
忽,hu1,H
瑚,hu2,H
壶,hu2,H
葫,hu2,H
胡,hu2,H
蝴,hu2,H
狐,hu2,H
糊,hu2/hu1/hu4,H
湖,hu2,H
弧,hu2,H
虎,hu3/hu4,H
唬,hu3/xiao1/guo2/xia4/hao2,H
护,hu4,H
互,hu4,H
沪,hu4,H
户,hu4,H
花,hua1,H
哗,hua1/hua2,H
华,hua2/hua4,H
猾,hua2,H
滑,hua2/gu3,H
画,hua4,H
划,hua4/guo4/guo3/hua2/huai,H
化,hua4/hua1/huo4,H
话,hua4,H
槐,huai2,H
徊,huai2/hui2,H
怀,huai2/fu4,H
淮,huai2,H
坏,huai4/pi1/pei2,H
欢,huan1,H
环,huan2,H
桓,huan2,H
还,hai2/fu2/huan2,H
缓,huan3,H
换,huan4,H
患,huan4,H
唤,huan4,H
痪,huan4/tuan3,H
豢,huan4,H
焕,huan4,H
涣,huan4/hui4,H
宦,huan4,H
幻,huan4,H
荒,huang1/huang3/kang1/huang2,H
慌,huang1/huang3/huang,H
黄,huang2,H
磺,huang2/kuang4/gong3,H
蝗,huang2,H
簧,huang2,H
皇,huang2/wang3,H
凰,huang2,H
惶,huang2,H
煌,huang2,H
晃,huang3/huang4,H
幌,huang3,H
恍,huang3/guang1,H
谎,huang3,H
灰,hui1,H
挥,hui1,H
辉,hui1,H
徽,hui1,H
恢,hui1,H
蛔,hui2,H
回,hui2,H
毁,hui3/hui4,H
悔,hui3,H
慧,hui4,H
卉,hui4,H
惠,hui4,H
晦,hui4,H
贿,hui4,H
秽,hui4,H
会,hui4/kuai4,H
烩,hui4,H
汇,hui4,H
讳,hui4,H
诲,hui4,H
绘,hui4,H
荤,hun1/xun1,H
昏,hun1/hun4,H
婚,hun1,H
魂,hun2,H
浑,hun2,H
混,hun4/gun3/hun2/kun1,H
豁,huo1/huo4/hua2,H
活,huo2/guo1,H
伙,huo3/huo,H
火,huo3/huo1,H
获,huo4,H
或,huo4/yu4,H
惑,huo4,H
霍,huo4/he4/suo3,H
货,huo4,H
祸,huo4,H
击,ji1,J
圾,ji1/ji2/jie2,J
基,ji1,J
机,ji1/wei4,J
畸,ji1/qi2,J
稽,ji1/qi3,J
积,ji1/zhi3,J
箕,ji1,J
肌,ji1/ji4,J
饥,ji1,J
迹,ji1,J
激,ji1/jiao4/jiao1,J
讥,ji1,J
鸡,ji1,J
姬,ji1/yi2,J
绩,ji1,J
缉,ji1/qi1,J
吉,ji2,J
极,ji2,J
棘,ji2,J
辑,ji2,J
籍,ji2/jie4,J
集,ji2,J
及,ji2,J
急,ji2,J
疾,ji2,J
汲,ji2/ji1,J
即,ji2,J
嫉,ji2,J
级,ji2,J
挤,ji3,J
几,ji3/ji1,J
脊,ji2/ji3,J
己,ji3/qi3,J
蓟,ji4,J
技,ji4/qi2,J
冀,ji4,J
季,ji4,J
伎,ji4/zhi4/qi2/qi4,J
祭,ji4/zhai4,J
剂,ji4,J
悸,ji4,J
济,ji4/ji3,J
寄,ji4,J
寂,ji4,J
计,ji4,J
记,ji4,J
既,ji4/xi4,J
忌,ji4,J
际,ji4,J
继,ji4,J
纪,ji4/ji3,J
嘉,jia1,J
枷,jia1/jia4,J
夹,jia1/ga1/jia2,J
佳,jia1,J
家,jia1/jia4/jia/jie/gu1,J
加,jia1,J
荚,jia2,J
颊,jia2,J
贾,jia3/gu3,J
甲,jia3,J
钾,jia3,J
假,jia3/jia4/jie/xia4/xia2/ge2,J
稼,jia4,J
价,jia4/jie4/jie,J
架,jia4,J
驾,jia4,J
嫁,jia4,J
歼,jian1,J
监,jian1/jian4,J
坚,jian1,J
尖,jian1,J
笺,jian1,J
间,jian1/jian4,J
煎,jian1/jian4/jian3,J
兼,jian1,J
肩,jian1/xian2,J
艰,jian1,J
缄,jian1,J
茧,jian3/chong2,J
检,jian3,J
柬,jian3,J
碱,jian3/xian2,J
硷,jian3,J
拣,jian3,J
捡,jian3,J
简,jian3,J
俭,jian3,J
剪,jian3,J
减,jian3,J
荐,jian4,J
槛,kan3/jian4,K
鉴,jian4,J
践,jian4,J
见,jian4/xian4,J
键,jian4,J
箭,jian4,J
件,jian4/mou2,J
健,jian4,J
舰,jian4,J
剑,jian4,J
饯,jian4,J
渐,jian4/jian1,J
溅,jian4/jian1,J
涧,jian4,J
建,jian4,J
僵,jiang1,J
姜,jiang1,J
将,jiang1/jiang4/qiang1,J
浆,jiang1/jiang4,J
江,jiang1,J
疆,jiang1/jiang4,J
蒋,jiang3,J
桨,jiang3,J
奖,jiang3,J
讲,jiang3,J
匠,jiang4,J
酱,jiang4,J
降,jiang4/xiang2,J
蕉,jiao1/qiao2/qiao1,J
椒,jiao1,J
礁,jiao1,J
焦,jiao1/qiao2,J
胶,jiao1/xiao2,J
交,jiao1,J
郊,jiao1,J
浇,jiao1,J
骄,jiao1,J
娇,jiao1,J
嚼,jue2/jiao2/jiao4,J
搅,jiao3,J
铰,jiao3,J
矫,jiao3/jiao2,J
侥,jiao3/yao2,J
脚,jiao3/jue2,J
狡,jiao3/xiao4,J
角,jiao3/jue2/lu4/gu3,J
饺,jiao3,J
缴,jiao3/zhuo2,J
绞,jiao3,J
剿,jiao3/chao1,J
教,jiao4/jiao1,J
酵,jiao4,J
轿,jiao4,J
较,jiao4,J
叫,jiao4,J
窖,jiao4/zao4,J
揭,jie1/qi4/he2,J
接,jie1/xie2/sha4/cha1,J
皆,jie1,J
秸,jie1/ji2,J
街,jie1,J
阶,jie1,J
截,jie2,J
劫,jie2,J
节,jie2/jie1,J
桔,ju2/jie2/xie2,J
杰,jie2,J
捷,jie2/qie4/cha1,J
睫,jie2/she4,J
竭,jie2,J
洁,jie2/ji2,J
结,jie2/jie1,J
解,jie3/jie4/xie4,J
姐,jie3/ju4/xu4/zu1,J
戒,jie4,J
藉,ji2/jie4,J
芥,jie4/gai4,J
界,jie4,J
借,jie4,J
介,jie4/ge4,J
疥,jie4,J
诫,jie4,J
届,jie4,J
巾,jin1,J
筋,jin1/qian2,J
斤,jin1,J
金,jin1/jin4,J
今,jin1,J
津,jin1,J
襟,jin1,J
紧,jin3,J
锦,jin3,J
仅,jin3/fu4/nu2/jin4,J
谨,jin3,J
进,jin4,J
靳,jin4,J
晋,jin4,J
禁,jin4/jin1,J
近,jin4,J
烬,jin4,J
浸,jin4/qin1,J
尽,jin3/jin4,J
劲,jin4/jing4,J
荆,jing1,J
兢,jing1,J
茎,jing1,J
睛,jing1/jing3,J
晶,jing1,J
鲸,jing1,J
京,jing1,J
惊,jing1/liang2,J
精,jing1/qing2/jing4,J
粳,jing1,J
经,jing1/jing4,J
井,jing3/jing4,J
警,jing3,J
景,jing3/ying3,J
颈,jing3/geng3,J
静,jing4,J
境,jing4,J
敬,jing4,J
镜,jing4,J
径,jing4,J
痉,jing4,J
靖,jing4,J
竟,jing4,J
竞,jing4,J
净,jing4/cheng1,J
炯,jiong3,J
窘,jiong3,J
揪,jiu1,J
究,jiu1/jiu4,J
纠,jiu1,J
玖,jiu3,J
韭,jiu3,J
久,jiu3,J
灸,jiu3,J
九,jiu3/jiu1,J
酒,jiu3,J
厩,jiu4,J
救,jiu4/jiu1,J
旧,jiu4,J
臼,jiu4,J
舅,jiu4,J
咎,jiu4/gao1,J
就,jiu4,J
疚,jiu4,J
鞠,ju1/qu1/qiong1,J
拘,ju1/gou1/ju3/ju2,J
狙,ju1,J
疽,ju1/ju3,J
居,ju1/ji1,J
驹,ju1,J
菊,ju2,J
局,ju2,J
咀,ju3/zui3,J
矩,ju3,J
举,ju3,J
沮,ju3/ju1/ju4/jian1/zu3,J
聚,ju4,J
拒,ju4/ju3,J
据,ju4/ju1,J
巨,ju4/qu2,J
具,ju4,J
距,ju4,J
踞,ju4,J
锯,ju4/ju1,J
俱,ju4/ju1,J
句,ju4/gou1/gou4/qu2,J
惧,ju4,J
炬,ju4,J
剧,ju4,J
捐,juan1/yuan2,J
鹃,juan1,J
娟,juan1,J
倦,juan4,J
眷,juan4,J
卷,juan3/juan4/quan2/quan1/gun3/jun4,J
绢,juan4,J
撅,jue1/jue4/jue2/gui4,J
攫,jue2,J
抉,jue2,J
掘,jue2/ku1,J
倔,jue2/jue4,J
爵,jue2,J
觉,jue2/jiao4,J
决,jue2,J
诀,jue2,J
绝,jue2,J
均,jun1/yun4,J
菌,jun1/jun4,J
钧,jun1,J
军,jun1,J
君,jun1,J
峻,jun4,J
俊,jun4/shun4/dun1,J
竣,jun4,J
浚,jun4/xun4/cun2,J
郡,jun4,J
骏,jun4,J
喀,ka1/ke4/ke,K
咖,ka1/jia1/ga1,K
卡,ka3/qia3,K
咯,ge1/luo4/ka3/ka1/lo,G
开,kai1,K
揩,kai1/jia2,K
楷,kai3/jie4/jie1,K
凯,kai3,K
慨,kai3,K
刊,kan1,K
堪,kan1/chen3,K
勘,kan1,K
坎,kan3/kan4,K
砍,kan3,K
看,kan4/kan1,K
康,kang1/kang4,K
慷,kang1,K
糠,kang1,K
扛,kang2/gang1,K
抗,kang4/gang1,K
亢,kang4/gang1/geng1,K
炕,kang4/hang1,K
考,kao3,K
拷,kao3,K
烤,kao3,K
靠,kao4,K
坷,ke3/ke1/jiong1,K
苛,ke1/he1,K
柯,ke1,K
棵,ke1/kuan3/ke3,K
磕,ke1/ke3,K
颗,ke1,K
科,ke1/ke4,K
壳,ke2/qiao4,K
咳,hai1/hai2/ke2/gai1,H
可,ke3/ge1/ke4,K
渴,ke3/jie2/kai4/he2,K
克,ke4,K
刻,ke4/kei1,K
客,ke4/qia4,K
课,ke4,K
肯,ken3,K
啃,ken3,K
垦,ken3/yin2,K
恳,ken3,K
坑,keng1/kang4,K
吭,keng1/hang2/hang4,K
空,kong1/kong3/kong4,K
恐,kong3,K
孔,kong3,K
控,kong4/kong1/qiang1,K
抠,kou1,K
口,kou3,K
扣,kou4,K
寇,kou4,K
枯,ku1/gu1,K
哭,ku1,K
窟,ku1,K
苦,ku3/gu3/hu4,K
酷,ku4,K
库,ku4,K
裤,ku4,K
夸,kua1/kua4/kua3,K
垮,kua3,K
挎,kua4/ku1/kou1,K
跨,kua4/ku4/kua1/kua3,K
胯,kua4/kua3,K
块,kuai4/yue2,K
筷,kuai4,K
侩,kuai4,K
快,kuai4,K
宽,kuan1,K
款,kuan3/xin1,K
匡,kuang1/wang1,K
筐,kuang1,K
狂,kuang2/jue2,K
框,kuang1/kuang4/kuang2,K
矿,kuang4,K
眶,kuang4,K
旷,kuang4,K
况,kuang4,K
亏,kui1/yu2,K
盔,kui1,K
岿,kui1,K
窥,kui1,K
葵,kui2,K
奎,kui2/kui3,K
魁,kui2/kui3/kuai4,K
傀,gui1/kuai4/kui3,G
馈,kui4,K
愧,kui4,K
溃,kui4/hui4,K
坤,kun1,K
昆,kun1/hun2/kun4,K
捆,kun3/hun2,K
困,kun4,K
括,kuo4/gua1,K
扩,kuo4,K
廓,kuo4,K
阔,kuo4,K
垃,la1/la,L
拉,la1/la2/la3/la4/la,L
喇,la3/la2/la1/la,L
蜡,la4/qu4/zha4/ji2,L
腊,la4/xi1,L
辣,la4,L
啦,la/la1,L
莱,lai2,L
来,lai2,L
赖,lai4,L
蓝,lan2/la,L
婪,lan2/lan3,L
栏,lan2,L
拦,lan2,L
篮,lan2,L
阑,lan2,L
兰,lan2,L
澜,lan2,L
谰,lan2,L
揽,lan3,L
览,lan3,L
懒,lan3,L
缆,lan3,L
烂,lan4,L
滥,lan4,L
琅,lang2/lang4,L
榔,lang2/lang3,L
狼,lang2/lang3/lang4/hang3,L
廊,lang2,L
郎,lang2/lang4,L
朗,lang3,L
浪,lang4/lang2,L
捞,lao1,L
劳,lao2,L
牢,lao2/lao4/lou2,L
老,lao3,L
佬,lao3/liao2,L
姥,lao3/mu3,L
酪,lao4/luo4/lu4,L
烙,lao4/luo4,L
涝,lao4,L
勒,lei1/le4/lei,L
乐,le4/yue4,L
雷,lei2/lei4,L
镭,lei2,L
蕾,lei3,L
磊,lei3,L
累,lei4/lei3/lei2/lv4/lie4,L
儡,lei3/lei2/lei4,L
垒,lei3,L
擂,lei2/lei4/lei1,L
肋,le1/lei4/jin1,L
类,lei4,L
泪,lei4,L
棱,leng2/leng4/leng1/ling2/cheng1,L
楞,leng2/leng4,L
冷,leng3/ling2/ling3,L
厘,li2/chan2,L
梨,li2,L
犁,li2,L
黎,li2,L
篱,li2,L
狸,li2,L
离,li2/chi1,L
漓,li2,L
理,li3,L
李,li3,L
里,li3/li,L
鲤,li3,L
礼,li3,L
莉,li4/li2/chi2,L
荔,li4,L
吏,li4,L
栗,li4/lie4,L
丽,li4/li2,L
厉,li4,L
励,li4,L
砾,li4,L
历,li4,L
利,li4,L
傈,li4,L
例,li4/lie4,L
俐,li4,L
痢,li4,L
立,li4/wei4,L
粒,li4,L
沥,li4,L
隶,li4/dai4/yi4/di4,L
力,li4,L
璃,li2,L
哩,li1/li4/li/li3/mai2/ying1,L
俩,lia3/liang3,L
联,lian2,L
莲,lian2,L
连,lian2,L
镰,lian2,L
廉,lian2,L
怜,lian2/ling2/ling3,L
涟,lian2,L
帘,lian2/chen2,L
敛,lian3,L
脸,lian3,L
链,lian4,L
恋,lian4,L
炼,lian4,L
练,lian4,L
粮,liang2,L
凉,liang2/liang4,L
梁,liang2,L
粱,liang2,L
良,liang2/liang3,L
两,liang3,L
辆,liang4,L
量,liang4/liang2,L
晾,liang4,L
亮,liang4/liang2,L
谅,liang4,L
撩,liao1/liao2/liao3/lao4/liao4,L
聊,liao2/liu2,L
僚,liao2/liao3/lao3,L
疗,liao2,L
燎,liao2/liao3/liao4,L
寥,liao2,L
辽,liao2,L
潦,lao3/lao4/lao2/liao2/liao3,L
了,le/liao3/liao4,L
撂,liao4,L
镣,liao4,L
廖,liao4/liao2,L
料,liao4/liao2,L
列,lie4/li4,L
裂,lie4/lie3,L
烈,lie4,L
劣,lie4,L
猎,lie4/xi1/que4,L
琳,lin2,L
林,lin2,L
磷,lin2/lin4/lin3/ling2,L
霖,lin2,L
临,lin2,L
邻,lin2,L
鳞,lin2,L
淋,lin2/lin4,L
凛,lin3,L
赁,lin4,L
吝,lin4,L
拎,lin1/ling1,L
玲,ling2,L
菱,ling2,L
零,ling2/lian2,L
龄,ling2,L
铃,ling2,L
伶,ling2,L
羚,ling2,L
凌,ling2/ling4,L
灵,ling2,L
陵,ling2,L
岭,ling3/ling2,L
领,ling3,L
另,ling4,L
令,ling4/ling2/lian2/ling3,L
溜,liu1/liu4/liu2,L
琉,liu2,L
榴,liu2,L
硫,liu2/chu4,L
馏,liu2/liu4,L
留,liu2/liu4/liu3,L
刘,liu2,L
瘤,liu2,L
流,liu2,L
柳,liu3,L
六,liu4/lu4,L
龙,long2,L
聋,long2,L
咙,long2,L
笼,long2/long3,L
窿,long2,L
隆,long2/long1,L
垄,long3,L
拢,long3,L
陇,long3,L
楼,lou2,L
娄,lou2,L
搂,lou3/lou1,L
篓,lou3,L
漏,lou4/lou2,L
陋,lou4,L
芦,lu2/hu4/lu3,L
卢,lu2,L
颅,lu2,L
庐,lu2,L
炉,lu2,L
掳,lu3,L
卤,lu3/xi1,L
虏,lu3,L
鲁,lu3,L
麓,lu4,L
碌,lu4/luo4/liu4,L
露,lu4/lou4,L
路,lu4/luo4,L
赂,lu4,L
鹿,lu4/lv2,L
潞,lu4,L
禄,lu4,L
录,lu4,L
陆,lu4/liu4,L
戮,lu4,L
驴,lv2,L
吕,lv3,L
铝,lv3,L
侣,lv3,L
旅,lv3,L
履,lv3,L
屡,lv3,L
缕,lv3,L
虑,lv4/bi4,L
氯,lv4,L
律,lv4,L
率,lv4/shuai4/lve,L
滤,lv4,L
绿,lv4/lu4,L
峦,luan2,L
挛,luan2,L
孪,luan2,L
滦,luan2,L
卵,luan3/kun1,L
乱,luan4,L
掠,lve4/lve3,L
略,lve4,L
抡,lun1/lun2,L
轮,lun2,L
伦,lun2,L
仑,lun2,L
沦,lun2,L
纶,lun2/guan1,L
论,lun4/lun2,L
萝,luo2,L
螺,luo2,L
罗,luo2,L
逻,luo2,L
锣,luo2,L
箩,luo2,L
骡,luo2,L
裸,luo3,L
落,luo4/la4/lao4/luo1,L
洛,luo4,L
骆,luo4,L
络,luo4/lao4,L
妈,ma1,M
麻,ma2/ma1,M
玛,ma3,M
码,ma3,M
蚂,ma3/ma1/ma4,M
马,ma3,M
骂,ma4,M
嘛,ma/ma2,M
吗,ma/ma2/ma3,M
埋,mai2/man2,M
买,mai3,M
麦,mai4,M
卖,mai4,M
迈,mai4,M
脉,mai4/mo4,M
瞒,man2,M
馒,man2,M
蛮,man2,M
满,man3,M
蔓,man4/wan4/man2,M
曼,man4,M
慢,man4/man2,M
漫,man4,M
谩,man2/man4,M
芒,mang2/huang1/huang3/wang2,M
茫,mang2/huang3,M
盲,mang2,M
氓,mang2/meng2,M
忙,mang2,M
莽,mang3/mang2,M
猫,mao1/miao2/mao2,M
茅,mao2,M
锚,mao2,M
毛,mao2/mao4,M
矛,mao2,M
铆,mao3,M
卯,mao3,M
茂,mao4,M
冒,mao4/mo4,M
帽,mao4,M
貌,mao4/mo4,M
贸,mao4,M
么,me/yao1/mo2/ma,M
玫,mei2,M
枚,mei2,M
梅,mei2,M
酶,mei2,M
霉,mei2,M
煤,mei2,M
没,mei2/mo4/me,M
眉,mei2,M
媒,mei2/mei4,M
镁,mei3,M
每,mei3,M
美,mei3,M
昧,mei4/wen3/mo4,M
寐,mei4,M
妹,mei4,M
媚,mei4,M
门,men2,M
闷,men4/men1,M
们,men,M
萌,meng2/ming2,M
蒙,meng2/meng3/meng1,M
檬,meng2,M
盟,meng2/meng4/ming2,M
锰,meng3,M
猛,meng3,M
梦,meng4,M
孟,meng4,M
眯,mi1/mi3/mi4/mi2,M
醚,mi2,M
靡,mi2/mi3/ma2,M
糜,mi2/mei2,M
迷,mi2/mi4,M
谜,mi2/mei4,M
弥,mi2,M
米,mi3,M
秘,mi4/bi4/bie2,M
觅,mi4,M
泌,mi4/bi4,M
蜜,mi4,M
密,mi4,M
幂,mi4,M
棉,mian2,M
眠,mian2/mian3/min3,M
绵,mian2,M
冕,mian3,M
免,mian3/wen4/wan3,M
勉,mian3,M
娩,mian3/wan3/wen4,M
缅,mian3,M
面,mian4,M
苗,miao2,M
描,miao2/mao4,M
瞄,miao2,M
藐,miao3/mo4,M
秒,miao3,M
渺,miao3,M
庙,miao4,M
妙,miao4/miao3,M
蔑,mie4,M
灭,mie4,M
民,min2,M
抿,min3,M
皿,min3/ming3,M
敏,min3,M
悯,min3,M
闽,min3,M
明,ming2/meng4,M
螟,ming2,M
鸣,ming2,M
铭,ming2,M
名,ming2/ming4,M
命,ming4,M
谬,miu4,M
摸,mo1/mo2,M
摹,mo2/mo1,M
蘑,mo2,M
模,mo2/mu2,M
膜,mo2,M
磨,mo2/mo4,M
摩,mo2/mi2/ma1,M
魔,mo2,M
抹,mo3/mo4/ma1,M
末,mo4/me,M
莫,mo4/mu4,M
墨,mo4/mei4,M
默,mo4,M
沫,mo4,M
漠,mo4,M
寞,mo4,M
陌,mo4,M
谋,mou2,M
牟,mou2/mao4/mu4,M
某,mou3/mei2,M
拇,mu3,M
牡,mu3,M
亩,mu3,M
姆,mu3,M
母,mu3/mu2/wu3/wu2,M
墓,mu4,M
暮,mu4,M
幕,mu4/man4,M
募,mu4/bo2,M
慕,mu4,M
木,mu4,M
目,mu4,M
睦,mu4,M
牧,mu4,M
穆,mu4,M
拿,na2,N
哪,na3/nuo2/na/nai3/na4/nie4/ne2/nei3,N
呐,na4/ne4/na/nuo4/ne,N
钠,na4,N
那,na4/nuo2/nuo4/nei4/na3/nei3/ne2/na1/nai3/ne4,N
娜,na4/nuo2,N
纳,na4,N
氖,nai3,N
乃,nai3/ai3,N
奶,nai3,N
耐,nai4/neng2,N
奈,nai4,N
南,nan2/na1,N
男,nan2,N
难,nan2/nan4,N
囊,nang2/nang1,N
挠,nao2,N
脑,nao3,N
恼,nao3,N
闹,nao4,N
淖,nao4/zhao4/zhuo1/chuo4,N
呢,ne/ni2/ni3/ni1,N
馁,nei3,N
内,nei4/na4/rui4,N
嫩,nen4,N
能,neng2/tai2/nai2/nai4/xiong2,N
妮,ni1/ni2,N
霓,ni2,N
倪,ni2/ni4/nie4,N
泥,ni2/ni4/ni3/nie4/ning4,N
尼,ni2/ni3,N
拟,ni3,N
你,ni3,N
匿,ni4/te4,N
腻,ni4,N
逆,ni4,N
溺,ni4/ruo4/niao4,N
蔫,nian1/yan1/yan4,N
拈,nian1/nian3/dian1,N
年,nian2/ning4,N
碾,nian3,N
撵,nian3,N
捻,nian3/nie1/nian1,N
念,nian4,N
娘,niang2,N
酿,niang4/niang2,N
鸟,niao3/diao3,N
尿,niao4/sui1,N
捏,nie1,N
聂,nie4,N
孽,nie4,N
啮,nie4,N
镊,nie4,N
镍,nie4,N
涅,nie4,N
您,nin2,N
柠,ning2/chu3/zhu4,N
狞,ning2,N
凝,ning2,N
宁,ning2/zhu4/ning4,N
拧,ning2/ning3/ning4,N
泞,ning4/zhu4,N
牛,niu2,N
扭,niu3/chou3/zhou3/zhou4,N
钮,niu3,N
纽,niu3,N
脓,nong2,N
浓,nong2,N
农,nong2,N
弄,nong4/long4,N
奴,nu2,N
努,nu3,N
怒,nu4,N
女,nv3/nv4/ru3,N
暖,nuan3/xuan1,N
虐,nve4,N
疟,nve4/yao4,N
挪,nuo2,N
懦,nuo4,N
糯,nuo4,N
诺,nuo4,N
哦,o2/e2/o4,O
欧,ou1,O
鸥,ou1,O
殴,ou1,O
藕,ou3,O
呕,ou3/ou4,O
偶,ou3,O
沤,ou1/ou4,O
啪,pa1,P
趴,pa1,P
爬,pa2,P
帕,pa4/mo4,P
怕,pa4/bo2,P
琶,pa2,P
拍,pai1/bo2,P
排,pai2/bai4/pai3,P
牌,pai2,P
徘,pai2,P
湃,pai4/ba2,P
派,pai4/mai4/bai4/pa1,P
攀,pan1,P
潘,pan1/pan4/bo1/pan2/fan1,P
盘,pan2,P
磐,pan2,P
盼,pan4/fen2,P
畔,pan4,P
判,pan4,P
叛,pan4,P
乓,pang1,P
庞,pang2,P
旁,pang2/peng1/beng1/bang4,P
耪,pang3,P
胖,pang4/pan4/pan2,P
抛,pao1,P
咆,pao2,P
刨,pao2/bao4,P
炮,pao4/pao2/bao1,P
袍,pao2/bao4,P
跑,pao3/pao2/bo2,P
泡,pao4/pao1/pao2,P
呸,pei1,P
胚,pei1,P
培,pei2/pou3/pi1,P
裴,pei2/fei2,P
赔,pei2,P
陪,pei2,P
配,pei4,P
佩,pei4,P
沛,pei4,P
喷,pen1/pen4,P
盆,pen2,P
砰,peng1/ping1/peng4,P
抨,peng1/beng1,P
烹,peng1,P
澎,peng1/peng2,P
彭,peng2/pang2/bang1/peng1,P
蓬,peng2/peng4,P
棚,peng2,P
硼,peng2/peng1,P
篷,peng2,P
膨,peng2/peng4,P
朋,peng2,P
鹏,peng2,P
捧,peng3/feng4,P
碰,peng4,P
坯,pi1/huai4,P
砒,pi1,P
霹,pi1,P
批,pi1/pi2,P
披,pi1,P
劈,pi1/pi3,P
琵,pi2,P
毗,pi2,P
啤,pi2,P
脾,pi2/pai2/bi4/pi4,P
疲,pi2,P
皮,pi2,P
匹,pi3,P
痞,pi3,P
僻,pi4,P
屁,pi4,P
譬,pi4,P
篇,pian1,P
偏,pian1,P
片,pian4/pian1/pan4,P
骗,pian4,P
飘,piao1,P
漂,piao4/piao1/piao3/biao1,P
瓢,piao2,P
票,piao4/piao1,P
撇,pie1/bie1/pie3,P
瞥,pie1/bi4,P
拼,pin1/bing4,P
频,pin2,P
贫,pin2,P
品,pin3,P
聘,pin4/ping4,P
乒,ping1,P
坪,ping2,P
苹,ping2/peng1,P
萍,ping2,P
平,ping2/pian2/bing4/beng1,P
凭,ping2,P
瓶,ping2,P
评,ping2,P
屏,ping2/bing3/bing4/bing1,P
坡,po1,P
泼,po1,P
颇,po3/po1,P
婆,po2,P
破,po4,P
魄,po4/bo2/tuo4,P
迫,po4/pai3,P
粕,po4,P
剖,pou1/po3,P
扑,pu1/pi4,P
铺,pu4/pu1,P
仆,pu1/pu2,P
莆,pu2/fu3,P
葡,pu2/bei4,P
菩,pu2/bei4/bo2,P
蒲,pu2/bo2,P
埔,bu4/pu3,B
朴,pu3/po4/pu1/po1/piao2,P
圃,pu3,P
普,pu3,P
浦,pu3,P
谱,pu3,P
曝,pu4,P
瀑,pu4/bao4/bo2,P
期,qi1/ji1,Q
欺,qi1,Q
栖,qi1/xi1,Q
戚,qi1/cu4,Q
妻,qi1/qi4,Q
七,qi1/qi2,Q
凄,qi1,Q
漆,qi1/qie4,Q
柒,qi1,Q
沏,qi1/qie4,Q
其,qi2/ji1/ji4,Q
棋,qi2/ji1,Q
奇,qi2/ji1/ai3/yi3,Q
歧,qi2,Q
畦,qi2,Q
崎,qi2/qi3/yi1,Q
脐,qi2,Q
齐,qi2/ji4,Q
旗,qi2,Q
祈,qi2/gui3,Q
祁,qi2/zhi3,Q
骑,qi2,Q
起,qi3,Q
岂,qi3,Q
乞,qi3/qi4,Q
企,qi3,Q
启,qi3,Q
契,qi4/xie4/qie4/jie2,Q
砌,qi4/qie4,Q
器,qi4,Q
气,qi4/qi3,Q
迄,qi4,Q
弃,qi4,Q
汽,qi4/gai4/yi3,Q
泣,qi4/li4/se4,Q
讫,qi4,Q
掐,qia1,Q
洽,qia4/he2,Q
牵,qian1,Q
扦,qian1,Q
钎,qian1,Q
铅,qian1/yan2,Q
千,qian1,Q
迁,qian1,Q
签,qian1,Q
仟,qian1,Q
谦,qian1,Q
乾,qian2/gan1,Q
黔,qian2,Q
钱,qian2,Q
钳,qian2,Q
前,qian2/qian3/jian3,Q
潜,qian2,Q
遣,qian3/qian4,Q
浅,qian3/jian1,Q
谴,qian3,Q
堑,qian4,Q
嵌,qian4/han3/kan4,Q
欠,qian4,Q
歉,qian4,Q
枪,qiang1,Q
呛,qiang1/qiang4,Q
腔,qiang1/kong4,Q
羌,qiang1,Q
墙,qiang2,Q
蔷,qiang2,Q
强,qiang2/qiang3/jiang4,Q
抢,qiang3/qiang1,Q
橇,qiao1,Q
锹,qiao1,Q
敲,qiao1,Q
悄,qiao1/qiao3/qiao4,Q
桥,qiao2,Q
瞧,qiao2,Q
乔,qiao2,Q
侨,qiao2,Q
巧,qiao3,Q
鞘,qiao4/shao1,Q
撬,qiao4,Q
翘,qiao4/qiao2,Q
峭,qiao4,Q
俏,qiao4/xiao4/xiao1,Q
窍,qiao4,Q
切,qie4/qie1/qi4,Q
茄,jia1/qie2,J
且,qie3/ju1/cu2,Q
怯,qie4,Q
窃,qie4,Q
钦,qin1,Q
侵,qin1/qin3,Q
亲,qin1/qing4,Q
秦,qin2,Q
琴,qin2,Q
勤,qin2/qi2,Q
芹,qin2,Q
擒,qin2,Q
禽,qin2,Q
寝,qin3,Q
沁,qin4,Q
青,qing1/jing1,Q
轻,qing1,Q
氢,qing1,Q
倾,qing1,Q
卿,qing1,Q
清,qing1/qing4,Q
擎,qing2,Q
晴,qing2,Q
氰,qing2,Q
情,qing2,Q
顷,qing3,Q
请,qing3,Q
庆,qing4,Q
琼,qiong2,Q
穷,qiong2,Q
秋,qiu1,Q
丘,qiu1,Q
邱,qiu1,Q
球,qiu2,Q
求,qiu2,Q
囚,qiu2,Q
酋,qiu2,Q
泅,qiu2/you1,Q
趋,qu1,Q
区,qu1/ou1,Q
蛆,qu1/ju1,Q
曲,qu1/qu3,Q
躯,qu1,Q
屈,qu1/jue2/que4/ju2,Q
驱,qu1,Q
渠,qu2/ju4,Q
取,qu3/qu1,Q
娶,qu3/ju1/shu1,Q
龋,qu3,Q
趣,qu4/cu4/qu1/cou3/zou1,Q
去,qu4/qu1,Q
圈,quan1/juan4/juan1/quan2/juan3,Q
颧,quan2,Q
权,quan2,Q
醛,quan2/chuo4,Q
泉,quan2,Q
全,quan2,Q
痊,quan2,Q
拳,quan2,Q
犬,quan3,Q
券,quan4/xuan4,Q
劝,quan4,Q
缺,que1/kui3,Q
炔,gui4/xue4/que1,G
瘸,que2,Q
却,que4,Q
鹊,que4,Q
榷,que4,Q
确,que4,Q
雀,que4/qiao1/qiao3,Q
裙,qun2,Q
群,qun2,Q
然,ran2,R
燃,ran2,R
冉,ran3/nan2/dan1,R
染,ran3,R
瓤,rang2,R
壤,rang3,R
攘,rang3/rang4/ning2/xiang3,R
嚷,rang3/rang1,R
让,rang4,R
饶,rao2,R
扰,rao3/you4,R
绕,rao4/rao3,R
惹,re3/ruo4,R
热,re4,R
壬,ren2,R
仁,ren2,R
人,ren2,R
忍,ren3/ren4,R
韧,ren4,R
任,ren4/ren2/lin4,R
认,ren4,R
刃,ren4,R
妊,ren4/ren2,R
纫,ren4,R
扔,reng1/reng4,R
仍,reng2,R
日,ri4,R
戎,rong2/reng1,R
茸,rong1/rong2/rong3,R
蓉,rong2,R
荣,rong2,R
融,rong2,R
熔,rong2,R
溶,rong2,R
容,rong2/yong3,R
绒,rong2,R
冗,rong3,R
揉,rou2,R
柔,rou2,R
肉,rou4/ru4,R
茹,ru2,R
蠕,ru2,R
儒,ru2,R
孺,ru2,R
如,ru2,R
辱,ru3,R
乳,ru3,R
汝,ru3,R
入,ru4,R
褥,ru4/nu4,R
软,ruan3,R
阮,ruan3/yuan2,R
蕊,rui3/juan3,R
瑞,rui4,R
锐,rui4,R
闰,run4,R
润,run4,R
若,ruo4/re2/re4/re3,R
弱,ruo4,R
撒,sa1/sa3,S
洒,sa3/xi3/xian3/sen3/cui3/xun4,S
萨,sa4,S
腮,sai1,S
鳃,sai1,S
塞,sai1/se4/sai4,S
赛,sai4,S
三,san1,S
叁,san1,S
伞,san3,S
散,san4/san3/san1,S
桑,sang1,S
嗓,sang3,S
丧,sang4/sang1,S
搔,sao1/sao4,S
骚,sao1,S
扫,sao3/sao4,S
嫂,sao3,S
瑟,se4,S
色,se4/shai3,S
涩,se4,S
森,sen1,S
僧,seng1/ceng2,S
莎,sha1/suo1/sui1,S
砂,sha1,S
杀,sha1,S
刹,sha1/cha4,S
沙,sha1/sha4/suo1,S
纱,sha1,S
傻,sha3,S
啥,sha4,S
煞,sha1/sha4,S
筛,shai1,S
晒,shai4,S
珊,shan1,S
苫,shan1/shan4/tian1/chan1,S
杉,shan1/sha1,S
山,shan1,S
删,shan1,S
煽,shan1,S
衫,shan1,S
闪,shan3,S
陕,shan3,S
擅,shan4,S
赡,shan4,S
膳,shan4,S
善,shan4,S
汕,shan4/shuan4,S
扇,shan4/shan1,S
缮,shan4,S
墒,shang1,S
伤,shang1,S
商,shang1,S
赏,shang3,S
晌,shang3,S
上,shang4/shang3,S
尚,shang4/chang2,S
裳,shang/chang2,S
梢,shao1/shao4/xiao1/sao4,S
捎,shao1/shao3/xiao1/qiao4/shao4,S
稍,shao1/shao4,S
烧,shao1,S
芍,shao2/xiao4/que4/di4,S
勺,shao2/shuo4/zhuo2/di4,S
韶,shao2,S
少,shao3/shao4,S
哨,shao4/sao1/xiao1/xiao4/sao4,S
邵,shao4,S
绍,shao4,S
奢,she1,S
赊,she1,S
蛇,she2/yi2/tuo2/chi2,S
舌,she2/gua1,S
舍,she3/she4/shi4,S
赦,she4/ce4,S
摄,she4,S
射,she4/ye4/yi4,S
慑,she4,S
涉,she4/die2,S
社,she4,S
设,she4,S
砷,shen1,S
申,shen1,S
呻,shen1,S
伸,shen1,S
身,shen1/juan1,S
深,shen1,S
娠,shen1,S
绅,shen1,S
神,shen2/shen1,S
沈,shen3/chen2/tan2,S
审,shen3,S
婶,shen3,S
甚,shen2/shen4,S
肾,shen4,S
慎,shen4/zhen4,S
渗,shen4,S
声,sheng1/qing4,S
生,sheng1,S
甥,sheng1,S
牲,sheng1,S
升,sheng1,S
绳,sheng2,S
省,sheng3/xing3/xian3,S
盛,sheng4/cheng2,S
剩,sheng4,S
胜,sheng4/xing1/qing4/sheng1,S
圣,sheng4/ku1,S
师,shi1,S
失,shi1/yi4,S
狮,shi1,S
施,shi1/yi4/shi3,S
湿,shi1,S
诗,shi1,S
尸,shi1,S
虱,shi1,S
十,shi2,S
石,shi2/dan4,S
拾,shi2/she4/jie4,S
时,shi2,S
什,shen2/shi2,S
食,shi2/si4/yi4,S
蚀,shi2,S
实,shi2,S
识,shi4/shi2/zhi4,S
史,shi3,S
矢,shi3,S
使,shi3,S
屎,shi3/xi1,S
驶,shi3,S
始,shi3,S
式,shi4/te4,S
示,shi4/qi2/zhi4/shi2,S
士,shi4,S
世,shi4,S
柿,shi4,S
事,shi4/zi4,S
拭,shi4,S
誓,shi4,S
逝,shi4,S
势,shi4,S
是,shi4/ti2,S
嗜,shi4,S
噬,shi4,S
适,shi4/kuo4,S
仕,shi4,S
侍,shi4,S
释,shi4,S
饰,shi4,S
氏,shi4/zhi1/jing1,S
市,shi4/fu2,S
恃,shi4/zhi4,S
室,shi4,S
视,shi4,S
试,shi4,S
收,shou1,S
手,shou3,S
首,shou3,S
守,shou3/shou4,S
寿,shou4,S
授,shou4,S
售,shou4/shu2,S
受,shou4/dao4,S
瘦,shou4,S
兽,shou4,S
蔬,shu1/shu3,S
枢,shu1,S
梳,shu1,S
殊,shu1,S
抒,shu1,S
输,shu1,S
叔,shu1,S
舒,shu1/yu4,S
淑,shu1/chu4,S
疏,shu1,S
书,shu1,S
赎,shu2,S
孰,shu2,S
熟,shu2/shou2,S
薯,shu3,S
暑,shu3,S
曙,shu3,S
署,shu3,S
蜀,shu3,S
黍,shu3,S
鼠,shu3,S
属,shu3/zhu3,S
术,shu4/shu2/zhu2,S
述,shu4,S
树,shu4,S
束,shu4,S
戍,shu4,S
竖,shu4,S
墅,shu4/ye3,S
庶,shu4/zhu4/zhe1,S
数,shu4/shu3/shuo4,S
漱,shu4,S
恕,shu4,S
刷,shua1/shua4,S
耍,shua3,S
摔,shuai1,S
衰,shuai1/suo1/cui1,S
甩,shuai3,S
帅,shuai4,S
栓,shuan1/shuan4/quan2,S
拴,shuan1/quan2,S
霜,shuang1,S
双,shuang1,S
爽,shuang3/shuang1,S
谁,shei2/shui2,S
水,shui3,S
睡,shui4,S
税,shui4/tuo1/tui4/tuan4,S
吮,shun3,S
瞬,shun4,S
顺,shun4,S
舜,shun4,S
说,shuo1/shui4/yue4,S
硕,shuo4,S
朔,shuo4,S
烁,shuo4,S
斯,si1/shi3,S
撕,si1/xi1,S
嘶,si1,S
思,si1/sai1,S
私,si1,S
司,si1/ci2/si4,S
丝,si1,S
死,si3,S
肆,si4/ti4,S
寺,si4/shi4,S
嗣,si4,S
四,si4,S
伺,ci4/si4,C
似,shi4/si4,S
饲,si4,S
巳,si4/yi3,S
松,song1,S
耸,song3,S
怂,song3,S
颂,song4,S
送,song4,S
宋,song4,S
讼,song4,S
诵,song4,S
搜,sou1/xiao1/sou4/shao3,S
艘,sou1,S
擞,sou3/sou4,S
嗽,sou4/shuo4/shu4,S
苏,su1,S
酥,su1,S
俗,su2,S
素,su4,S
速,su4,S
粟,su4,S
僳,su4,S
塑,su4,S
溯,su4/shuo4,S
宿,su4/xiu4/xiu3/qi1,S
诉,su4,S
肃,su4,S
酸,suan1,S
蒜,suan4,S
算,suan4,S
虽,sui1,S
隋,sui2/duo4/tuo3/tuo1,S
随,sui2,S
绥,sui2,S
髓,sui3,S
碎,sui4,S
岁,sui4,S
穗,sui4/dian4,S
遂,sui4/sui2,S
隧,sui4/zhui4,S
祟,sui4,S
孙,sun1,S
损,sun3,S
笋,sun3,S
蓑,suo1/sui1,S
梭,suo1/xun4,S
唆,suo1/shua4,S
缩,suo1/su4,S
琐,suo3,S
索,suo3,S
锁,suo3,S
所,suo3,S
塌,ta1/da1,T
他,ta1/tuo2,T
它,ta1/tuo2/yi2,T
她,ta1/jie3/chi2,T
塔,ta3/da1/da,T
獭,ta3,T
挞,ta4,T
蹋,ta4,T
踏,ta4/ta1,T
胎,tai1,T
苔,tai2/tai1,T
抬,tai2/chi1,T
台,tai2/yi2/si4/tai1,T
泰,tai4,T
酞,tai4,T
太,tai4/ta1,T
态,tai4,T
汰,tai4,T
坍,tan1,T
摊,tan1,T
贪,tan1,T
瘫,tan1,T
滩,tan1,T
坛,tan2,T
檀,tan2/shan4,T
痰,tan2,T
潭,tan2/xun2/yin3/dan4,T
谭,tan2,T
谈,tan2,T
坦,tan3,T
毯,tan3,T
袒,tan3/zhan4,T
碳,tan4,T
探,tan4/xian2,T
叹,tan4/yi3/you4,T
炭,tan4,T
汤,tang1/shang1,T
塘,tang2,T
搪,tang2,T
堂,tang2,T
棠,tang2,T
膛,tang2/tang1,T
唐,tang2,T
糖,tang2,T
倘,tang3/chang2,T
躺,tang3/tang4,T
淌,tang3/chang4/chang3,T
趟,tang4/zheng1/zheng4/cheng2/tang1,T
烫,tang4,T
掏,tao1/tao2,T
涛,tao1,T
滔,tao1,T
绦,tao1,T
萄,tao2,T
桃,tao2/tiao1/zhao4,T
逃,tao2,T
淘,tao2,T
陶,tao2/yao2/dao4,T
讨,tao3,T
套,tao4/tao3,T
特,te4,T
藤,teng2,T
腾,teng2,T
疼,teng2,T
誊,teng2,T
梯,ti1/ti2,T
剔,ti1/ti4,T
踢,ti1/die2,T
锑,ti1,T
提,ti2/chi2/shi2/di3/di1,T
题,ti2,T
蹄,ti2/di4,T
啼,ti2,T
体,ti3/ben4/cui4/ti1,T
替,ti4,T
嚏,ti4,T
惕,ti4,T
涕,ti4,T
剃,ti4,T
屉,ti4,T
天,tian1,T
添,tian1/tian4,T
填,tian2/tian3/chen2/zhen4,T
田,tian2,T
甜,tian2,T
恬,tian2,T
舔,tian3/tan1,T
腆,tian3,T
挑,tiao1/tiao3/tao2/diao4/tiao2/tiao,T
条,tiao2,T
迢,tiao2,T
眺,tiao4,T
跳,tiao4/diao4/tao2,T
贴,tie1,T
铁,tie3,T
帖,tie1/tie4/tie3,T
厅,ting1,T
听,ting1/yin3/yi2,T
烃,ting1,T
汀,ting1/ting4/ding4,T
廷,ting2,T
停,ting2,T
亭,ting2,T
庭,ting2,T
挺,ting3/ting2,T
艇,ting3,T
通,tong1/tong4,T
桐,tong2/tong1/dong4,T
酮,tong2/dong4/chong2,T
瞳,tong2,T
同,tong2/tong4,T
铜,tong2,T
彤,tong2,T
童,tong2/zhong1,T
桶,tong3,T
捅,tong3,T
筒,tong3/dong4/tong2,T
统,tong3,T
痛,tong4,T
偷,tou1,T
投,tou2/dou4,T
头,tou2/tou,T
透,tou4/shu1,T
凸,tu1,T
秃,tu1,T
突,tu1,T
图,tu2,T
徒,tu2,T
途,tu2,T
涂,tu2/chu2/ye2,T
屠,tu2,T
土,tu3/du4/cha3/tu2,T
吐,tu3/tu4,T
兔,tu4/tu2/chan1,T
湍,tuan1/zhuan1,T
团,tuan2/qiu2,T
推,tui1,T
颓,tui2,T
腿,tui3,T
蜕,tui4/yue4,T
褪,tui4/tun4,T
退,tui4,T
吞,tun1/tian1,T
屯,tun2/zhun1,T
臀,tun2,T
拖,tuo1/chi3,T
托,tuo1,T
脱,tuo1/tui4,T
鸵,tuo2,T
陀,tuo2/duo4,T
驮,tuo2/duo4,T
驼,tuo2,T
椭,tuo3,T
妥,tuo3,T
拓,ta4/zhi2/tuo4,T
唾,tuo4,T
挖,wa1,W
哇,wa/wa1/gui1/hua2/wa2,W
蛙,wa1/jue2,W
洼,wa1/gui1,W
娃,wa2/wa1/gui4,W
瓦,wa3/wa4,W
袜,wa4/mo4,W
歪,wai1/wai3,W
外,wai4,W
豌,wan1,W
弯,wan1,W
湾,wan1,W
玩,wan2,W
顽,wan2,W
丸,wan2,W
烷,wan2,W
完,wan2/kuan1,W
碗,wan3,W
挽,wan3,W
晚,wan3,W
皖,wan3/huan4,W
惋,wan3/li4,W
宛,wan3/yuan1/yun3/yu4,W
婉,wan3,W
万,wan4/mo4,W
腕,wan4,W
汪,wang1/wang3/hong2,W
王,wang2/wang4/yu4,W
亡,wang2/wu2,W
枉,wang3/kuang2,W
网,wang3,W
往,wang3/wang4,W
旺,wang4,W
望,wang4,W
忘,wang4/wang2,W
妄,wang4/wang2,W
威,wei1,W
巍,wei1,W
微,wei1,W
危,wei1,W
韦,wei2,W
违,wei2,W
桅,wei2/gui3,W
围,wei2,W
唯,wei2/wei3,W
惟,wei2/wei3,W
为,wei4/wei2,W
潍,wei2,W
维,wei2,W
苇,wei3,W
萎,wei1/wei4/wei3,W
委,wei3/wei1/wei4,W
伟,wei3,W
伪,wei3,W
尾,wei3/yi3,W
纬,wei3,W
未,wei4,W
蔚,wei4/yu4,W
味,wei4/mei4,W
畏,wei4/wei1/wei3,W
胃,wei4,W
喂,wei4,W
魏,wei4/wei2/wei1,W
位,wei4/li4,W
渭,wei4,W
谓,wei4,W
尉,wei4/yu4/yun4,W
慰,wei4,W
卫,wei4,W
瘟,wen1/wo4/yun1,W
温,wen1/yun4,W
蚊,wen2,W
文,wen2,W
闻,wen2,W
纹,wen2/wen4,W
吻,wen3,W
稳,wen3,W
紊,wen3/wen4,W
问,wen4,W
嗡,weng1/weng3,W
翁,weng1/weng3,W
瓮,weng4,W
挝,wo1/zhua1,W
蜗,wo1,W
涡,wo1/guo1,W
窝,wo1,W
我,wo3,W
斡,wo4/guan3,W
卧,wo4,W
握,wo4/ou4,W
沃,wo4,W
巫,wu1,W
呜,wu1,W
钨,wu1,W
乌,wu1/wu4,W
污,wu1,W
诬,wu1,W
屋,wu1,W
无,wu2/mo2,W
芜,wu2,W
梧,wu2/wu4/yu3,W
吾,wu2/yu2/ya2,W
吴,wu2/tun1,W
毋,wu2/mou2,W
武,wu3,W
五,wu3,W
捂,wu3/wu2,W
午,wu3,W
舞,wu3,W
伍,wu3,W
侮,wu3,W
坞,wu4,W
戊,wu4,W
雾,wu4,W
晤,wu4,W
物,wu4,W
勿,wu4/mo4,W
务,wu4,W
悟,wu4,W
误,wu4,W
昔,xi1/cuo4,X
熙,xi1/yi2,X
析,xi1/si1,X
西,xi1,X
硒,xi1,X
矽,xi4/xi1,X
晰,xi1,X
嘻,xi1,X
吸,xi1,X
锡,xi1,X
牺,xi1,X
稀,xi1,X
息,xi1,X
希,xi1,X
悉,xi1,X
膝,xi1,X
夕,xi1/yi4,X
惜,xi1,X
熄,xi1,X
烯,xi1,X
溪,xi1/qi1,X
汐,xi1,X
犀,xi1,X
檄,xi2,X
袭,xi2,X
席,xi2,X
习,xi2,X
媳,xi2,X
喜,xi3/xi1/chi4,X
铣,xi3/xian3,X
洗,xi3/xian3,X
系,xi4/ji4,X
隙,xi4,X
戏,xi4/hu1,X
细,xi4,X
瞎,xia1,X
虾,xia1/ha2,X
匣,xia2,X
霞,xia2,X
辖,xia2,X
暇,xia2/xia4/jia3,X
峡,xia2,X
侠,xia2,X
狭,xia2,X
下,xia4,X
厦,sha4/xia4,S
夏,xia4/jia3,X
吓,xia4/ha4/he4,X
掀,xian1/hen2,X
锨,xian1,X
先,xian1,X
仙,xian1/xian3,X
鲜,xian1/xian3,X
纤,xian1/qian4,X
咸,xian2/jian3/jian1,X
贤,xian2,X
衔,xian2,X
舷,xian2,X
闲,xian2,X
涎,xian2/yan4/dian4,X
弦,xian2,X
嫌,xian2,X
显,xian3,X
险,xian3,X
现,xian4,X
献,xian4,X
县,xian4,X
腺,xian4,X
馅,xian4,X
羡,xian4/yan2/yi2,X
宪,xian4/xiong4,X
陷,xian4,X
限,xian4/wen3,X
线,xian4,X
相,xiang1/xiang4,X
厢,xiang1,X
镶,xiang1,X
香,xiang1,X
箱,xiang1,X
襄,xiang1,X
湘,xiang1,X
乡,xiang1,X
翔,xiang2,X
祥,xiang2,X
详,xiang2,X
想,xiang3,X
响,xiang3,X
享,xiang3,X
项,xiang4,X
巷,xiang4/hang4,X
橡,xiang4,X
像,xiang4,X
向,xiang4,X
象,xiang4,X
萧,xiao1,X
硝,xiao1/qiao4,X
霄,xiao1/xiao4,X
削,xue1/qiao4/xiao1/shao4,X
哮,xiao1/xiao4/xue1,X
嚣,xiao1/ao2,X
销,xiao1,X
消,xiao1,X
宵,xiao1,X
淆,xiao2,X
晓,xiao3,X
小,xiao3,X
孝,xiao4,X
校,xiao4/jiao4/jiao3/qiao1,X
肖,xiao4/xiao1,X
啸,xiao4,X
笑,xiao4,X
效,xiao4,X
楔,xie1,X
些,xie1/suo4/suo1,X
歇,xie1/ya4,X
蝎,xie1/he2,X
鞋,xie2/wa1,X
协,xie2,X
挟,xie2/jia1,X
携,xie2,X
邪,xie2/ya2/ye2/xu2/she2,X
斜,xie2/xia2/cha2/ye2,X
胁,xie2,X
谐,xie2,X
写,xie3/xie4,X
械,xie4,X
卸,xie4,X
蟹,xie4,X
懈,xie4,X
泄,xie4/yi4,X
泻,xie4,X
谢,xie4,X
屑,xie4,X
薪,xin1,X
芯,xin1/xin4,X
锌,xin1,X
欣,xin1,X
辛,xin1,X
新,xin1,X
忻,xin1,X
心,xin1,X
信,xin4/shen1,X
衅,xin4,X
星,xing1,X
腥,xing1,X
猩,xing1,X
惺,xing1,X
兴,xing4/xing1,X
刑,xing2,X
型,xing2,X
形,xing2,X
邢,xing2/geng3,X
行,xing2/hang2/xing4/hang4/heng2,X
醒,xing3/cheng2/jing1,X
幸,xing4/nie4,X
杏,xing4,X
性,xing4,X
姓,xing4/sheng1,X
兄,xiong1/kuang4,X
凶,xiong1,X
胸,xiong1,X
匈,xiong1,X
汹,xiong1,X
雄,xiong2,X
熊,xiong2,X
休,xiu1/xu4,X
修,xiu1,X
羞,xiu1,X
朽,xiu3,X
嗅,xiu4/xu4,X
锈,xiu4,X
秀,xiu4,X
袖,xiu4,X
绣,xiu4,X
墟,xu1,X
戌,xu1/qu,X
需,xu1/nuo4/ru2/ruan3,X
虚,xu1,X
嘘,xu1/shi1,X
须,xu1,X
徐,xu2,X
许,xu3/hao4,X
蓄,xu4,X
酗,xu4,X
叙,xu4,X
旭,xu4,X
序,xu4,X
畜,chu4/xu4,C
恤,xu4,X
絮,xu4/chu4/nv4/na4,X
婿,xu4,X
绪,xu4,X
续,xu4,X
轩,xuan1,X
喧,xuan1/xuan3,X
宣,xuan1,X
悬,xuan2,X
旋,xuan2/xuan4,X
玄,xuan2/xuan4,X
选,xuan3,X
癣,xuan3,X
眩,xuan4/huan4/juan4,X
绚,xuan4,X
靴,xue1,X
薛,xue1,X
学,xue2,X
穴,xue2/jue2,X
雪,xue3,X
血,xue4/xie3,X
勋,xun1,X
熏,xun1/xun4,X
循,xun2,X
旬,xun2/jun1,X
询,xun2,X
寻,xun2/xin2,X
驯,xun2,X
巡,xun2/yan2/shun4,X
殉,xun4,X
汛,xun4,X
训,xun4,X
讯,xun4,X
逊,xun4,X
迅,xun4,X
压,ya1/ya4,Y
押,ya1/xia2/jia3,Y
鸦,ya1,Y
鸭,ya1,Y
呀,ya/xia1/ya1,Y
丫,ya1,Y
芽,ya2,Y
牙,ya2/ya4,Y
蚜,ya2,Y
崖,ya2,Y
衙,ya2/yu2/yu4,Y
涯,ya2,Y
雅,ya3/ya1/ya2,Y
哑,ya3/ya1,Y
亚,ya4,Y
讶,ya4,Y
焉,yan1/yi2,Y
咽,yan4/yan1/ye4/yuan1,Y
阉,yan1,Y
烟,yan1/yin1,Y
淹,yan1/yan3,Y
盐,yan2,Y
严,yan2,Y
研,yan2/yan4/xing2,Y
蜒,yan2/yan4/dan4,Y
岩,yan2,Y
延,yan2,Y
言,yan2/yan4/yin2,Y
颜,yan2,Y
阎,yan2,Y
炎,yan2/yan4/tan2,Y
沿,yan2/yan3/yan4,Y
奄,yan3/yan1,Y
掩,yan3/yan4,Y
眼,yan3/wen3,Y
衍,yan3/yan2,Y
演,yan3/yan4,Y
艳,yan4,Y
堰,yan4,Y
燕,yan4/yan1,Y
厌,yan4,Y
砚,yan4,Y
雁,yan4,Y
唁,yan4,Y
彦,yan4/pan2,Y
焰,yan4,Y
宴,yan4,Y
谚,yan4,Y
验,yan4,Y
殃,yang1,Y
央,yang1/ying1,Y
鸯,yang1,Y
秧,yang1,Y
杨,yang2,Y
扬,yang2,Y
佯,yang2,Y
疡,yang2,Y
羊,yang2,Y
洋,yang2/xiang2/yang3,Y
阳,yang2,Y
氧,yang3,Y
仰,yang3/ang2,Y
痒,yang3/yang2,Y
养,yang3,Y
样,yang4/yang2,Y
漾,yang4,Y
邀,yao1,Y
腰,yao1,Y
妖,yao1/jiao3,Y
瑶,yao2,Y
摇,yao2,Y
尧,yao2,Y
遥,yao2,Y
窑,yao2,Y
谣,yao2,Y
姚,yao2/tiao4/tao2/yao4,Y
咬,yao3/jiao1/yao1/jiao3,Y
舀,yao3,Y
药,yao4,Y
要,yao4/yao1/yao3,Y
耀,yao4,Y
椰,ye1,Y
噎,ye1/yi4/sha4,Y
耶,ye2/xie2/ye1,Y
爷,ye2,Y
野,ye3/shu4,Y
冶,ye3,Y
也,ye3/yi2,Y
页,ye4,Y
掖,ye1/ye4,Y
业,ye4,Y
叶,ye4/xie2,Y
曳,ye4,Y
腋,ye4,Y
夜,ye4,Y
液,ye4/shi4,Y
一,yi1/yi2/yi4,Y
壹,yi1/yin1,Y
医,yi1/yi4,Y
揖,yi1/ji2,Y
铱,yi1,Y
依,yi1/yi3,Y
伊,yi1,Y
衣,yi1/yi4,Y
颐,yi2,Y
夷,yi2,Y
遗,yi2/wei4,Y
移,yi2/chi3/yi4,Y
仪,yi2,Y
胰,yi2,Y
疑,yi2/ning2,Y
沂,yi2/yin2,Y
宜,yi2,Y
姨,yi2,Y
彝,yi2,Y
椅,yi3/yi1,Y
蚁,yi3,Y
倚,yi3/ji1/yi1,Y
已,yi3/si4,Y
乙,yi3/yi4/jue2,Y
矣,yi3/xian2,Y
以,yi3/si4,Y
艺,yi4,Y
抑,yi4,Y
易,yi4,Y
邑,yi4/e4,Y
屹,yi4/ge1,Y
亿,yi4,Y
役,yi4,Y
臆,yi4/yi3,Y
逸,yi4,Y
肄,yi4/si4,Y
疫,yi4,Y
亦,yi4,Y
裔,yi4,Y
意,yi4/yi1,Y
毅,yi4,Y
忆,yi4,Y
义,yi4,Y
益,yi4,Y
溢,yi4,Y
诣,yi4,Y
议,yi4,Y
谊,yi4,Y
译,yi4,Y
异,yi4/yi2,Y
翼,yi4,Y
翌,yi4,Y
绎,yi4,Y
茵,yin1,Y
荫,yin1/yin4,Y
因,yin1,Y
殷,yin1/yin3/yan1,Y
音,yin1,Y
阴,yin1,Y
姻,yin1,Y
吟,yin2/yin3/jin4,Y
银,yin2,Y
淫,yin2/yan4/yao2,Y
寅,yin2,Y
饮,yin3/yin4,Y
尹,yin3/yun2,Y
引,yin3,Y
隐,yin3,Y
印,yin4/yi4,Y
英,ying1/yang1,Y
樱,ying1,Y
婴,ying1,Y
鹰,ying1,Y
应,ying1/ying4,Y
缨,ying1,Y
莹,ying2,Y
萤,ying2,Y
营,ying2,Y
荧,ying2,Y
蝇,ying2,Y
迎,ying2/ying4,Y
赢,ying2,Y
盈,ying2,Y
影,ying3,Y
颖,ying3,Y
硬,ying4/geng3,Y
映,ying4/yang3,Y
哟,yo1/yo,Y
拥,yong1,Y
佣,yong1/yong4,Y
臃,yong1,Y
痈,yong1,Y
庸,yong1/yong2,Y
雍,yong1,Y
踊,yong3,Y
蛹,yong3,Y
咏,yong3,Y
泳,yong3,Y
涌,yong3/chong1,Y
永,yong3,Y
恿,yong3/tong1,Y
勇,yong3,Y
用,yong4,Y
幽,you1,Y
优,you1/you2,Y
悠,you1,Y
忧,you1/you4,Y
尤,you2,Y
由,you2/yao1,Y
邮,you2,Y
铀,you2,Y
犹,you2/you4,Y
油,you2/you4,Y
游,you2/liu2,Y
酉,you3,Y
有,you3/you4/wei3,Y
友,you3,Y
右,you4,Y
佑,you4,Y
釉,you4,Y
诱,you4,Y
又,you4,Y
幼,you4/yao4,Y
迂,yu1,Y
淤,yu1,Y
于,yu2/wei2/yu1/xu1,Y
盂,yu2,Y
榆,yu2,Y
虞,yu2,Y
愚,yu2,Y
舆,yu2,Y
余,yu2/tu2/xu2/yu4,Y
俞,yu2/shu4,Y
逾,yu2/dou4,Y
鱼,yu2,Y
愉,yu2/tou1/yu3,Y
渝,yu2/yu1,Y
渔,yu2,Y
隅,yu2,Y
予,yu3/yu2/zhu4,Y
娱,yu2,Y
雨,yu3/yu4,Y
与,yu3/yu2/yu4,Y
屿,yu3,Y
禹,yu3,Y
宇,yu3,Y
语,yu3/yu4,Y
羽,yu3/hu4,Y
玉,yu4,Y
域,yu4,Y
芋,yu4/yu2/xu1/yu3,Y
郁,yu4,Y
吁,xu1/yu4/yu1,X
遇,yu4/yong2/ou3,Y
喻,yu4/yu2,Y
峪,yu4,Y
御,yu4/ya4,Y
愈,yu4,Y
欲,yu4,Y
狱,yu4,Y
育,yu4/zhou4/yo1,Y
誉,yu4,Y
浴,yu4,Y
寓,yu4,Y
裕,yu4,Y
预,yu4,Y
豫,yu4/xie4/shu1,Y
驭,yu4,Y
鸳,yuan1,Y
渊,yuan1,Y
冤,yuan1,Y
元,yuan2,Y
垣,yuan2,Y
袁,yuan2,Y
原,yuan2,Y
援,yuan2/huan4,Y
辕,yuan2,Y
园,yuan2/wan2,Y
员,yuan2/yun2/yun4,Y
圆,yuan2,Y
猿,yuan2,Y
源,yuan2,Y
缘,yuan2,Y
远,yuan3,Y
苑,yuan4/yuan1/yu4/yun4,Y
愿,yuan4,Y
怨,yuan4/yun4,Y
院,yuan4,Y
曰,yue1,Y
约,yue1/yao1,Y
越,yue4/huo2,Y
跃,yue4,Y
钥,yao4/yue4,Y
岳,yue4,Y
粤,yue4,Y
月,yue4/ru4,Y
悦,yue4,Y
阅,yue4,Y
耘,yun2,Y
云,yun2,Y
郧,yun2,Y
匀,yun2/jun1/yun4,Y
陨,yun3,Y
允,yun3/yuan2,Y
运,yun4/yun3,Y
蕴,yun4,Y
酝,yun4,Y
晕,yun1/yun4,Y
韵,yun4,Y
孕,yun4,Y
匝,za1,Z
砸,za2,Z
杂,za2/duo3,Z
栽,zai1/zai4,Z
哉,zai1,Z
灾,zai1,Z
宰,zai3,Z
载,zai4/zai3,Z
再,zai4,Z
在,zai4,Z
咱,zan2/za2/za3/zan,Z
攒,zan3/cuan2,Z
暂,zan4,Z
赞,zan4,Z
赃,zang1,Z
脏,zang4/zang1,Z
葬,zang4,Z
遭,zao1,Z
糟,zao1,Z
凿,zao2/zuo4,Z
藻,zao3,Z
枣,zao3,Z
早,zao3,Z
澡,zao3/cao1,Z
蚤,zao3/zhao3,Z
躁,zao4,Z
噪,zao4,Z
造,zao4/cao4/cao1,Z
皂,zao4,Z
灶,zao4,Z
燥,zao4/sao4,Z
责,ze2,Z
择,ze2/zhai2,Z
则,ze2,Z
泽,ze2,Z
贼,zei2,Z
怎,zen3,Z
增,zeng1/zeng4/ceng2,Z
憎,zeng1,Z
曾,ceng2/zeng1,C
赠,zeng4,Z
扎,zha1/zha2/zha3/za1,Z
喳,zha1/zha/cha1,Z
渣,zha1,Z
札,zha2/ya4,Z
轧,ya4/ga2/zha2,Y
铡,zha2,Z
闸,zha2,Z
眨,zha3,Z
栅,zha4/shan1/ce4,Z
榨,zha4,Z
咋,za3/ze2/zha4/zha1,Z
乍,zha4/zuo4,Z
炸,zha4/zha2,Z
诈,zha4,Z
摘,zhai1,Z
斋,zhai1,Z
宅,zhai2/che4/du4,Z
窄,zhai3,Z
债,zhai4,Z
寨,zhai4/se4/qian1,Z
瞻,zhan1,Z
毡,zhan1,Z
詹,zhan1/dan4,Z
粘,zhan1/nian2,Z
沾,zhan1/tian1/dian4/chan1,Z
盏,zhan3,Z
斩,zhan3,Z
辗,nian3/zhan3,N
崭,zhan3,Z
展,zhan3,Z
蘸,zhan4,Z
栈,zhan4,Z
占,zhan4/zhan1/tie1,Z
战,zhan4,Z
站,zhan4/zhan1,Z
湛,zhan4/chen2/dan1/tan2/jin4/yin3/chen3/yin2/shen4,Z
绽,zhan4,Z
樟,zhang1,Z
章,zhang1/zhang4,Z
彰,zhang1,Z
漳,zhang1,Z
张,zhang1,Z
掌,zhang3,Z
涨,zhang3/zhang4,Z
杖,zhang4,Z
丈,zhang4,Z
帐,zhang4,Z
账,zhang4,Z
仗,zhang4,Z
胀,zhang4,Z
瘴,zhang4,Z
障,zhang4/zhang1,Z
招,zhao1/qiao2/shao2,Z
昭,zhao1/zhao4,Z
找,zhao3/hua2,Z
沼,zhao3,Z
赵,zhao4,Z
照,zhao4,Z
罩,zhao4,Z
兆,zhao4,Z
肇,zhao4,Z
召,zhao4/shao4,Z
遮,zhe1,Z
折,zhe2/she2/ti2/zhe1,Z
哲,zhe2,Z
蛰,zhe2,Z
辙,zhe2,Z
者,zhe3,Z
锗,zhe3,Z
蔗,zhe4,Z
这,zhe4/zhei4,Z
浙,zhe4,Z
珍,zhen1,Z
斟,zhen1,Z
真,zhen1,Z
甄,zhen1/zhen4/juan4,Z
砧,zhen1,Z
臻,zhen1,Z
贞,zhen1,Z
针,zhen1,Z
侦,zhen1,Z
枕,zhen3/chen2,Z
疹,zhen3/chen4,Z
诊,zhen3,Z
震,zhen4/shen1,Z
振,zhen4/zhen1/zhen3,Z
镇,zhen4,Z
阵,zhen4,Z
蒸,zheng1,Z
挣,zheng1/zheng4,Z
睁,zheng1,Z
征,zheng1,Z
狰,zheng1,Z
争,zheng1,Z
怔,zheng1/zheng4,Z
整,zheng3,Z
拯,zheng3,Z
正,zheng4/zheng1,Z
政,zheng4/zheng1,Z
帧,zheng4,Z
症,zheng4/zheng1,Z
郑,zheng4,Z
证,zheng4,Z
芝,zhi1,Z
枝,zhi1/qi2,Z
支,zhi1/zhi4/qi2,Z
吱,zhi1/zi1/qi4,Z
蜘,zhi1,Z
知,zhi1/zhi4,Z
肢,zhi1/shi4,Z
脂,zhi1/zhi3,Z
汁,zhi1/xie2/shi2,Z
之,zhi1/zhu4/zhi4,Z
织,zhi1,Z
职,zhi2,Z
直,zhi2,Z
植,zhi2,Z
殖,zhi2/shi4/shi,Z
执,zhi2,Z
值,zhi2,Z
侄,zhi2,Z
址,zhi3,Z
指,zhi3/zhi1/zhi2,Z
止,zhi3,Z
趾,zhi3,Z
只,zhi3/zhi1,Z
旨,zhi3,Z
纸,zhi3,Z
志,zhi4,Z
挚,zhi4,Z
掷,zhi4/zhi1,Z
至,zhi4/die2,Z
致,zhi4/zhui4,Z
置,zhi4,Z
帜,zhi4,Z
峙,zhi4/shi4,Z
制,zhi4,Z
智,zhi4/zhi1,Z
秩,zhi4,Z
稚,zhi4,Z
质,zhi4,Z
炙,zhi4,Z
痔,zhi4,Z
滞,zhi4,Z
治,zhi4/chi2,Z
窒,zhi4/die2,Z
中,zhong1/zhong4,Z
盅,zhong1/chong1,Z
忠,zhong1,Z
钟,zhong1,Z
衷,zhong1/zhong4,Z
终,zhong1,Z
种,zhong3/chong2/zhong4,Z
肿,zhong3,Z
重,zhong4/chong2/tong2,Z
仲,zhong4,Z
众,zhong4/yin2,Z
舟,zhou1,Z
周,zhou1,Z
州,zhou1,Z
洲,zhou1,Z
诌,zhou1,Z
粥,zhou1/yu4,Z
轴,zhou2/zhou4,Z
肘,zhou3,Z
帚,zhou3,Z
咒,zhou4,Z
皱,zhou4,Z
宙,zhou4,Z
昼,zhou4,Z
骤,zhou4,Z
珠,zhu1,Z
株,zhu1,Z
蛛,zhu1,Z
朱,zhu1/shu1,Z
猪,zhu1,Z
诸,zhu1,Z
诛,zhu1,Z
逐,zhu2/di2/zhou4/tun2,Z
竹,zhu2,Z
烛,zhu2/chong2,Z
煮,zhu3,Z
拄,zhu3,Z
瞩,zhu3,Z
嘱,zhu3,Z
主,zhu3/zhu4,Z
著,zhe/zhu4/chu2/zhuo2/zhao1/zhao2,Z
柱,zhu4/zhu3,Z
助,zhu4/chu2,Z
蛀,zhu4,Z
贮,zhu4,Z
铸,zhu4,Z
筑,zhu4/zhu2,Z
住,zhu4,Z
注,zhu4/zhou4,Z
祝,zhu4/zhou4/chu4,Z
驻,zhu4,Z
抓,zhua1,Z
爪,zhao3/zhua3,Z
拽,zhuai1/ye4/zhuai4,Z
专,zhuan1,Z
砖,zhuan1,Z
转,zhuan3/zhuai3/zhuan4,Z
撰,zhuan4/xuan3/suan4,Z
赚,zhuan4/zuan4,Z
篆,zhuan4,Z
桩,zhuang1,Z
庄,zhuang1/peng2,Z
装,zhuang1,Z
妆,zhuang1,Z
撞,zhuang4,Z
壮,zhuang4,Z
状,zhuang4,Z
椎,chui2/zhui1,C
锥,zhui1,Z
追,zhui1/dui1/tui1,Z
赘,zhui4,Z
坠,zhui4,Z
缀,zhui4,Z
谆,zhun1,Z
准,zhun3,Z
捉,zhuo1,Z
拙,zhuo1,Z
卓,zhuo1,Z
桌,zhuo1,Z
琢,zuo2/zhuo2,Z
茁,zhuo2/zhu2,Z
酌,zhuo2,Z
啄,zhuo2/zhou4,Z
着,zhe/zhuo2/zhao1/zhao2,Z
灼,zhuo2,Z
浊,zhuo2,Z
兹,zi1/ci2,Z
咨,zi1,Z
资,zi1,Z
姿,zi1/zi4,Z
滋,zi1/ci2/xuan2,Z
淄,zi1,Z
孜,zi1,Z
紫,zi3,Z
仔,zai3/zi3/zi1,Z
籽,zi3,Z
滓,zi3,Z
子,zi/zi3,Z
自,zi4,Z
渍,zi4,Z
字,zi4,Z
鬃,zong1,Z
棕,zong1,Z
踪,zong1,Z
宗,zong1,Z
综,zong1/zeng4,Z
总,zong3,Z
纵,zong4,Z
邹,zou1,Z
走,zou3,Z
奏,zou4/cou4,Z
揍,zou4/cou4,Z
租,zu1/ju1,Z
足,zu2/ju4,Z
卒,zu2/cu4/cui4,Z
族,zu2/sou3/cou4/zou4,Z
祖,zu3/jie1,Z
诅,zu3,Z
阻,zu3/zhu4,Z
组,zu3,Z
钻,zuan1/zuan4,Z
纂,zuan3,Z
嘴,zui3,Z
醉,zui4,Z
最,zui4/cuo1,Z
罪,zui4,Z
尊,zun1,Z
遵,zun1,Z
昨,zuo2,Z
左,zuo3,Z
佐,zuo3,Z
柞,zha4/zuo4/ze2,Z
做,zuo4,Z
作,zuo4/zuo1/zuo2,Z
坐,zuo4,Z
座,zuo4,Z
