1	啊	a/e4/a1/a2/a3/a4
2	阿	a1/e1/e3/a3/a4/a
3	埃	ai1/zhi4
4	挨	ai1/ai2
5	哎	ai1
6	唉	ai1/ai3/ai4
7	哀	ai1
8	皑	ai2
9	癌	ai2/yan2
10	蔼	ai3
11	矮	ai3
12	艾	ai4/yi4
13	碍	ai4
14	爱	ai4
15	隘	ai4/e4
16	鞍	an1
17	氨	an1
18	安	an1
19	俺	an3/yan4
20	按	an4
21	暗	an4
22	岸	an4
23	胺	an4/e4
24	案	an4
25	肮	ang1/hang2/gang1
26	昂	ang2/yang4
27	盎	ang4
28	凹	ao1/wa1
29	敖	ao2/ao4
30	熬	ao2/ao1
31	翱	ao2
32	袄	ao3
33	傲	ao4/ao2
34	奥	ao4/yu4/you1
35	懊	ao4/yu4
36	澳	ao4/yu4
37	芭	ba1/pa1
38	捌	ba1/bie2
39	扒	ba1/bai4/bie2/pa2
40	叭	ba1/pa1/ba
41	吧	ba/ba1/pa1
42	笆	ba1
43	八	ba1/ba2
44	疤	ba1
45	巴	ba1
46	拔	ba2/bo1/bie2/fa2/bei4
47	跋	ba2/bei4
48	靶	ba3/ba4
49	把	ba3/ba4/pa2
50	耙	ba4/pa2
51	坝	ba4
52	霸	ba4/po4
53	罢	ba4/ba
54	爸	ba4
55	白	bai2/bo2
56	柏	bai3/bo2/bo4
57	百	bai3/bo2/mo4
58	摆	bai3
59	佰	bai3/mo4
60	败	bai4
61	拜	bai4
62	稗	bai4
63	斑	ban1
64	班	ban1
65	搬	ban1/su4
66	扳	ban1/pan1
67	般	ban1/pan2/ban3/bo1
68	颁	ban1
69	板	ban3
70	版	ban3
71	扮	ban4/fen3/fen1/huo3
72	拌	ban4/pan1
73	伴	ban4/pan4
74	瓣	ban4
75	半	ban4/pan4
76	办	ban4
77	绊	ban4
78	邦	bang1
79	帮	bang1
80	梆	bang1
81	榜	bang3/beng1/bang4/pang2/peng2
82	膀	bang3/pang2/pang1/bang4/pang3
83	绑	bang3
84	棒	bang4
85	磅	bang4/pang1/pang2
86	蚌	bang4/pi2/feng1/beng4
87	镑	bang4
88	傍	bang4/pang2/beng1/peng2
89	谤	bang4
90	苞	bao1/pao2/biao1
91	胞	bao1/pao2/pao4
92	包	bao1/pao2/fu2
93	褒	bao1
94	剥	bo1/bao1/pu1
95	薄	bao2/bo2/bu4/bo4
96	雹	bao2
97	保	bao3
98	堡	bao3/bu3/pu4
99	饱	bao3
100	宝	bao3
101	抱	bao4/pao1/pou3
102	报	bao4
103	暴	bao4/pu4/bo2
104	豹	bao4
105	鲍	bao4
106	爆	bao4/bo2
107	杯	bei1
108	碑	bei1
109	悲	bei1
110	卑	bei1/bi3/bi4/pi2/ban1
111	北	bei3/bei4
112	辈	bei4
113	背	bei4/bei1
114	贝	bei4
115	钡	bei4
116	倍	bei4/pei2
117	狈	bei4
118	备	bei4
119	惫	bei4
120	焙	bei4
121	被	bei4/bi4/pi1/pi4
122	奔	ben1/ben4/fen4
123	苯	ben3
124	本	ben3/ben1
125	笨	ben4
126	崩	beng1
127	绷	beng1/beng3/beng4
128	甭	beng2/qi4
129	泵	beng4/pin4/liu2
130	蹦	beng4
131	迸	beng4
132	逼	bi1
133	鼻	bi2
134	比	bi3/bi4/pi2/pi3
135	鄙	bi3
136	笔	bi3
137	彼	bi3
138	碧	bi4
139	蓖	bi4
140	蔽	bi4/bie1/pie1
141	毕	bi4
142	毙	bi4
143	毖	bi4
144	币	bi4/yin4
145	庇	bi4/pi2/pi3
146	痹	bi4
147	闭	bi4
148	敝	bi4
149	弊	bi4
150	必	bi4
151	辟	pi4/bi4/mi3/pi1
152	壁	bi4
153	臂	bi4/bei
154	避	bi4
155	陛	bi4
156	鞭	bian1
157	边	bian1/bian
158	编	bian1
159	贬	bian3
160	扁	bian3/pian1/bian1/pian2
161	便	bian4/pian2/bian1
162	变	bian4
163	卞	bian4/pan2
164	辨	bian4/bian3/ban4/pian4
165	辩	bian4
166	辫	bian4
167	遍	bian4
168	标	biao1
169	彪	biao1
170	膘	biao1/piao3
171	表	biao3
172	鳖	bie1
173	憋	bie1
174	别	bie2/bie4
175	瘪	bie3/bie1
176	彬	bin1/ban1
177	斌	bin1
178	濒	bin1
179	滨	bin1
180	宾	bin1
181	摈	bin4
182	兵	bing1
183	冰	bing1/ning2
184	柄	bing3
185	丙	bing3/bing4
186	秉	bing3
187	饼	bing3
188	炳	bing3
189	病	bing4
190	并	bing4/bing1
191	玻	bo1
192	菠	bo1
193	播	bo1/bo3
194	拨	bo1
195	钵	bo1
196	波	bo1/bei1/bi4
197	博	bo2
198	勃	bo2
199	搏	bo2
200	铂	bo2
201	箔	bo2
202	伯	bo2/mo4/ba4/bai3
203	帛	bo2
204	舶	bo2
205	脖	bo2/bo1
206	膊	bo2/po4/lie4
207	渤	bo2
208	泊	po1/bo2/po4
209	驳	bo2
210	捕	bu3
211	卜	bo/bu3/pu1
212	哺	bu3/bu1/fu3
213	补	bu3
214	埠	bu4
215	不	bu4/fou3/fou1/fu1/bu2
216	布	bu4
217	步	bu4
218	簿	bu4/bo2
219	部	bu4/pou3
220	怖	bu4
221	擦	ca1
222	猜	cai1
223	裁	cai2
224	材	cai2
225	才	cai2/zai1
226	财	cai2
227	睬	cai3
228	踩	cai3/kui2
229	采	cai3/cai4
230	彩	cai3
231	菜	cai4
232	蔡	cai4/sa4/ca1
233	餐	can1/sun1
234	参	can1/cen1/shen1
235	蚕	can2/tian3
236	残	can2
237	惭	can2
238	惨	can3
239	灿	can4
240	苍	cang1
241	舱	cang1
242	仓	cang1
243	沧	cang1
244	藏	cang2/zang4/zang1
245	操	cao1
246	糙	cao1
247	槽	cao2/zao1
248	曹	cao2
249	草	cao3/zao4
250	厕	ce4/si
251	策	ce4
252	侧	ce4/ze4/zhai1
253	册	ce4/zha4
254	测	ce4
255	层	ceng2
256	蹭	ceng4/ceng2
257	插	cha1/zha3
258	茬	cha2/chi2
259	茶	cha2
260	查	cha2/zha1/chai2
261	碴	cha2/cha1
262	搽	cha2
263	察	cha2/cui4
264	岔	cha4
265	差	cha4/cha1/chai1/chai4/ci1/cuo1/jie1
266	诧	cha4
267	拆	chai1/che4/chi4/ca1
268	柴	chai2/ci1/zhai4/zi4
269	豺	chai2
270	搀	chan1
271	掺	can4/chan1/shan3
272	蝉	chan2
273	馋	chan2
274	谗	chan2
275	缠	chan2
276	铲	chan3
277	产	chan3
278	阐	chan3
279	颤	chan4/zhan4
280	昌	chang1/chang4
281	猖	chang1
282	场	chang3/chang2
283	尝	chang2
284	常	chang2
285	长	zhang3/chang2
286	偿	chang2
287	肠	chang2
288	厂	chang3/han3/yan2/an1
289	敞	chang3/cheng4/zheng4
290	畅	chang4
291	唱	chang4
292	倡	chang4/chang1
293	超	chao1/chao3/chao4/tiao4
294	抄	chao1/suo1/chao4/chao3
295	钞	chao1
296	朝	chao2/zhao1/zhu1
297	嘲	chao2/zhao1
298	潮	chao2
299	巢	chao2/chao4
300	吵	chao3/miao3/chao1/chao4
301	炒	chao3
302	车	che1/ju1
303	扯	che3
304	撤	che4
305	掣	che4
306	彻	che4
307	澈	che4
308	郴	chen1/lan2
309	臣	chen2
310	辰	chen2
311	尘	chen2
312	晨	chen2
313	忱	chen2/dan4
314	沉	chen2
315	陈	chen2
316	趁	chen4/zhen1/chen2/nian3/zhen3
317	衬	chen4
318	撑	cheng1
319	称	cheng1/chen4/cheng4
320	城	cheng2
321	橙	cheng2/deng4/chen2
322	成	cheng2
323	呈	cheng2/kuang2/cheng3
324	乘	cheng2/sheng4
325	程	cheng2
326	惩	cheng2
327	澄	cheng2/deng4
328	诚	cheng2
329	承	cheng2/zheng3/zheng4
330	逞	cheng3/ying2
331	骋	cheng3
332	秤	cheng4/cheng1/ping2
333	吃	chi1/qi1
334	痴	chi1
335	持	chi2
336	匙	shi/chi2
337	池	chi2/tuo2/che4
338	迟	chi2
339	弛	chi2
340	驰	chi2
341	耻	chi3
342	齿	chi3
343	侈	chi3
344	尺	chi3/che3
345	赤	chi4
346	翅	chi4
347	斥	chi4/che4/zhe4
348	炽	chi4
349	充	chong1
350	冲	chong1/chong4
351	虫	chong2/hui3
352	崇	chong2
353	宠	chong3
354	抽	chou1
355	酬	chou2
356	畴	chou2
357	踌	chou2
358	稠	chou2/tiao2/diao4
359	愁	chou2/qiao3/jiu1
360	筹	chou2
361	仇	chou2/qiu2/ju1
362	绸	chou2
363	瞅	chou3
364	丑	chou3
365	臭	chou4/xiu4
366	初	chu1
367	出	chu1
368	橱	chu2
369	厨	chu2
370	躇	chu2/chuo4
371	锄	chu2
372	雏	chu2
373	滁	chu2
374	除	chu2/zhu4/shu1
375	楚	chu3
376	础	chu3
377	储	chu3
378	矗	chu4
379	搐	chu4
380	触	chu4
381	处	chu4/chu3
382	揣	chuai1/chuai3/duo3/zhui1/tuan2/chuai4
383	川	chuan1
384	穿	chuan1/chuan4/yuan1
385	椽	chuan2
386	传	chuan2/zhuan4
387	船	chuan2
388	喘	chuan3
389	串	chuan4/guan4/quan4
390	疮	chuang1
391	窗	chuang1/cong1
392	幢	chuang2/zhuang4
393	床	chuang2
394	闯	chuang3
395	创	chuang4/chuang1
396	吹	chui1/chui4
397	炊	chui1
398	捶	chui2/duo3
399	锤	chui2
400	垂	chui2/zhui4
401	春	chun1/chun3
402	椿	chun1
403	醇	chun2
404	唇	chun2/zhen1/zhen4
405	淳	chun2/zhun1/zhun3
406	纯	chun2
407	蠢	chun3
408	戳	chuo1
409	绰	chuo4/chao1
410	疵	ci1/zi1/zhai4/ji4
411	茨	ci2
412	磁	ci2
413	雌	ci2
414	辞	ci2
415	慈	ci2
416	瓷	ci2
417	词	ci2
418	此	ci3
419	刺	ci4/qi4/ci1
420	赐	ci4
421	次	ci4/zi1/ci2
422	聪	cong1
423	葱	cong1/chuang1
424	囱	cong1/chuang1
425	匆	cong1
426	从	cong2/cong1
427	丛	cong2
428	凑	cou4
429	粗	cu1
430	醋	cu4/zuo4
431	簇	cu4/chuo4/cou4
432	促	cu4/chuo4
433	蹿	cuan1
434	篡	cuan4
435	窜	cuan4
436	摧	cui1/zui4/cuo4
437	崔	cui1
438	催	cui1
439	脆	cui4
440	瘁	cui4
441	粹	cui4/sui4
442	淬	cui4/zu2
443	翠	cui4
444	村	cun1
445	存	cun2
446	寸	cun4/cun3
447	磋	cuo1
448	撮	cuo1/zui4/zuan1/chua1/zuo3
449	搓	cuo1/cuo3/chai1
450	措	cuo4/ze2/ci4
451	挫	cuo4/zuo4
452	错	cuo4
453	搭	da1/ta4
454	达	da2/ti4/ta4
455	答	da2/da1
456	瘩	da/da2
457	打	da3/da2
458	大	da4/dai4/tai4
459	呆	dai1/bao3/ai2
460	歹	dai3/e4/dai1
461	傣	dai3
462	戴	dai4
463	带	dai4
464	殆	dai4
465	代	dai4
466	贷	dai4
467	袋	dai4
468	待	dai4/dai1
469	逮	dai3/dai4/di4
470	怠	dai4/yi2
471	耽	dan1
472	担	dan1/dan3/jie1/dan4
473	丹	dan1
474	单	dan1/chan2/shan4
475	郸	dan1
476	掸	dan3/shan4
477	胆	dan3/tan2/tan3/da2
478	旦	dan4
479	氮	dan4
480	但	dan4/tan3/yan4
481	惮	dan4
482	淡	dan4/yan4/tan2
483	诞	dan4
484	弹	dan4/tan2
485	蛋	dan4
486	当	dang1/dang4
487	挡	dang3/dang4
488	党	dang3
489	荡	dang4
490	档	dang4
491	刀	dao1/diao1
492	捣	dao3
493	蹈	dao3
494	倒	dao4/dao3
495	岛	dao3
496	祷	dao3
497	导	dao3
498	到	dao4
499	稻	dao4
500	悼	dao4
501	道	dao4/dao3
502	盗	dao4
503	德	de2
504	得	de2/dei3/de
505	的	de/di4/di2
506	蹬	deng1/deng4
507	灯	deng1/ding1
508	登	deng1/de2
509	等	deng3
510	瞪	deng4
511	凳	deng4
512	邓	deng4/shan1
513	堤	di1/ti2/di3/shi2/wei2
514	低	di1
515	滴	di1
516	迪	di2
517	敌	di2/hua2
518	笛	di2
519	狄	di2/ti4
520	涤	di2
521	翟	di2/zhai2
522	嫡	di2
523	抵	di3/zhi3/qi2
524	底	di3/de
525	地	de/di4
526	蒂	di4
527	第	di4
528	帝	di4
529	弟	di4/ti4/tui2
530	递	di4
531	缔	di4
532	颠	dian1
533	掂	dian1
534	滇	dian1/tian2/zhen1
535	碘	dian3
536	点	dian3
537	典	dian3/tian3
538	靛	dian4
539	垫	dian4
540	电	dian4
541	佃	dian4/tian2
542	甸	dian1/dian4/tian2/sheng4/ying4
543	店	dian4
544	惦	dian4
545	奠	dian4/ting2/ding4/zheng4/zun1
546	淀	dian4
547	殿	dian4
548	碉	diao1
549	叼	diao1
550	雕	diao1
551	凋	diao1
552	刁	diao1
553	掉	diao4/nuo2
554	吊	diao4
555	钓	diao4
556	调	diao4/tiao2
557	跌	die1/die2/tu2
558	爹	die1
559	碟	die2/she2
560	蝶	die2/tie1
561	迭	die2/yi4/da2
562	谍	die2
563	叠	die2
564	丁	ding1/zheng1
565	盯	ding1/cheng2
566	叮	ding1
567	钉	ding1/ding4
568	顶	ding3
569	鼎	ding3/zhen1
570	锭	ding4
571	定	ding4
572	订	ding4
573	丢	diu1
574	东	dong1
575	冬	dong1
576	董	dong3/zhong3
577	懂	dong3
578	动	dong4
579	栋	dong4
580	侗	dong4/tong1/tong2/tong3
581	恫	dong4/tong1
582	冻	dong4
583	洞	dong4/tong2
584	兜	dou1
585	抖	dou3
586	斗	dou4/dou3/zhu3
587	陡	dou3
588	豆	dou4
589	逗	dou4/zhu4/tou2/qi2
590	痘	dou4
591	都	dou1/du1
592	督	du1
593	毒	du2/dai4
594	犊	du2
595	独	du2
596	读	du2/dou4
597	堵	du3/zhe3/du1
598	睹	du3
599	赌	du3
600	杜	du4/du3/tu2
601	镀	du4
602	肚	du4/du3
603	度	du4/duo2/zhai2
604	渡	du4
605	妒	du4
606	端	duan1
607	短	duan3
608	锻	duan4
609	段	duan4
610	断	duan4
611	缎	duan4
612	堆	dui1/zui1
613	兑	dui4/rui4/duo2
614	队	dui4
615	对	dui4
616	墩	dun1
617	吨	dun1/tun2/tun3
618	蹲	dun1/zun2/cun2/zun1/cun3/cuan2/qun3
619	敦	dun1/dui1/tuan2/diao1/dun4/dao4/zhun3/tun1/dui4/tun2
620	顿	dun4/du2
621	囤	dun4/tun2
622	钝	dun4
623	盾	dun4/shun3/yun3
624	遁	dun4/qun1/xun2
625	掇	duo1/duo2/zhuo1
626	哆	duo1/chi3/zha4/chi4/duo4/die3
627	多	duo1
628	夺	duo2
629	垛	duo3/duo4
630	躲	duo3
631	朵	duo3
632	跺	duo4
633	舵	duo4
634	剁	duo4
635	惰	duo4/tuo2
636	堕	duo4/hui1
637	蛾	e2/yi3
638	峨	e2
639	鹅	e2
640	俄	e2
641	额	e2
642	讹	e2
643	娥	e2
644	恶	e4/e3/wu1/wu4
645	厄	e4/e3
646	扼	e4
647	遏	e4
648	鄂	e4
649	饿	e4
650	恩	en1
651	而	er2/neng2
652	儿	er2/ren2
653	耳	er3/reng2
654	尔	er3
655	饵	er3
656	洱	er3
657	二	er4
658	贰	er4
659	发	fa1/fa4
660	罚	fa2
661	筏	fa2
662	伐	fa2
663	乏	fa2
664	阀	fa2
665	法	fa3
666	珐	fa4
667	藩	fan1/fan2
668	帆	fan1/fan2/fan4
669	番	fan1/fan2/bo1/po2/pan1/pan2/pan4/pi2
670	翻	fan1
671	樊	fan2/fan4
672	矾	fan2
673	钒	fan2
674	繁	fan2/pan2/po2
675	凡	fan2
676	烦	fan2
677	反	fan3/fan4
678	返	fan3
679	范	fan4
680	贩	fan4
681	犯	fan4
682	饭	fan4
683	泛	fan4/feng3/fa2
684	坊	fang1/fang2
685	芳	fang1
686	方	fang1/fang2/fang3/pang2/wang3/feng1
687	肪	fang2
688	房	fang2/pang2
689	防	fang2
690	妨	fang2/fang1
691	仿	fang3/pang2
692	访	fang3
693	纺	fang3
694	放	fang4/fang3/fang1
695	菲	fei1/fei3/fei4
696	非	fei1/fei3
697	啡	fei1/pei4/pai2/pei1/bai4
698	飞	fei1
699	肥	fei2/bi3
700	匪	fei3/fei1/fen1
701	诽	fei3
702	吠	fei4
703	肺	fei4/pei4
704	废	fei4
705	沸	fei4/fu2
706	费	fei4
707	芬	fen1
708	酚	fen1
709	吩	fen1/pen4
710	氛	fen1
711	分	fen1/fen4/fen2/ban4
712	纷	fen1
713	坟	fen2
714	焚	fen2/fen4
715	汾	fen2/pen2/fen1
716	粉	fen3
717	奋	fen4/kang3
718	份	fen4/bin1
719	忿	fen4
720	愤	fen4
721	粪	fen4
722	丰	feng1
723	封	feng1/bian3
724	枫	feng1
725	蜂	feng1
726	峰	feng1
727	锋	feng1
728	风	feng1
729	疯	feng1
730	烽	feng1
731	逢	feng2/peng2/pang2
732	冯	feng2/ping2
733	缝	feng4/feng2
734	讽	feng4/feng3
735	奉	feng4
736	凤	feng4
737	佛	fu2/bo2/bi4/fo2
738	否	fou3/pi3
739	夫	fu1/fu2
740	敷	fu1
741	肤	fu1
742	孵	fu1
743	扶	fu2/pu2
744	拂	fu2/bi4/pi4/fei4
745	辐	fu2
746	幅	fu2/bi1
747	氟	fu2
748	符	fu2
749	伏	fu2/fu4
750	俘	fu2
751	服	fu2/fu4/bi4/bo2
752	浮	fu2
753	涪	fu2/pou2
754	福	fu2/fu4
755	袱	fu2
756	弗	fu2
757	甫	fu3/fu1/pu3
758	抚	fu3
759	辅	fu3
760	俯	fu3
761	釜	fu3
762	斧	fu3
763	脯	pu2/fu3
764	腑	fu3
765	府	fu3
766	腐	fu3
767	赴	fu4
768	副	fu4/pi4
769	覆	fu4
770	赋	fu4
771	复	fu4
772	傅	fu4/fu1
773	付	fu4
774	阜	fu4
775	父	fu4/fu3
776	腹	fu4
777	负	fu4
778	富	fu4
779	讣	fu4
780	附	fu4/bu4/fu1
781	妇	fu4
782	缚	fu4
783	咐	fu4/fu2
784	噶	ga2/ge2
785	嘎	ga1/ga2/ga3
786	该	gai1
787	改	gai3
788	概	gai4/gui4/jie2
789	钙	gai4
790	盖	gai4/ge3
791	溉	gai4/xie4
792	干	gan4/gan1/an4
793	甘	gan1/han1
794	杆	gan1/gan4/gan3
795	柑	gan1/qian2
796	竿	gan1/gan4/gan3
797	肝	gan1
798	赶	gan3/qian2
799	感	gan3/han4
800	秆	gan3
801	敢	gan3
802	赣	gan4
803	冈	gang1
804	刚	gang1
805	钢	gang1/gang4
806	缸	gang1
807	肛	gang1
808	纲	gang1
809	岗	gang3/gang1
810	港	gang3/hong4
811	杠	gang1/gong1/gang4
812	篙	gao1
813	皋	gao1/hao2/gu1
814	高	gao1/gao4
815	膏	gao1/gao4
816	羔	gao1
817	糕	gao1
818	搞	gao3/qiao1/kao4
819	镐	gao3/hao4
820	稿	gao3
821	告	gao4/ju1/gu4
822	哥	ge1
823	歌	ge1
824	搁	ge1/ge2
825	戈	ge1
826	鸽	ge1
827	胳	ge1/ge2/ga1
828	疙	ge1/yi4
829	割	ge1
830	革	ge2/ji2
831	葛	ge2/ge3
832	格	ge2/luo4/he4/ge1
833	蛤	ha2/ge2/ha1/e2
834	阁	ge2
835	隔	ge2/rong3/ji1
836	铬	ge4
837	个	ge4/gan4/ge3
838	各	ge4/ge3
839	给	gei3/ji3
840	根	gen1
841	跟	gen1
842	耕	geng1
843	更	geng4/geng1
844	庚	geng1
845	羹	geng1/lang2
846	埂	geng3
847	耿	geng3
848	梗	geng3
849	工	gong1
850	攻	gong1
851	功	gong1
852	恭	gong1
853	龚	gong1
854	供	gong1/gong4
855	躬	gong1
856	公	gong1
857	宫	gong1
858	弓	gong1
859	巩	gong3
860	汞	gong3
861	拱	gong3/ju4
862	贡	gong4
863	共	gong4/gong1/gong3/hong2
864	钩	gou1
865	勾	gou1/gou4
866	沟	gou1
867	苟	gou3/gou1
868	狗	gou3
869	垢	gou4
870	构	gou4
871	购	gou4
872	够	gou4
873	辜	gu1
874	菇	gu1
875	咕	gu1/gu
876	箍	gu1
877	估	gu1/gu4
878	沽	gu1/gu3
879	孤	gu1
880	姑	gu1
881	鼓	gu3
882	古	gu3/gu4/ku1
883	蛊	gu3
884	骨	gu3/gu2/gu1
885	谷	gu3/lu4/yu4
886	股	gu3
887	故	gu4
888	顾	gu4
889	固	gu4
890	雇	gu4/hu4
891	刮	gua1
892	瓜	gua1
893	剐	gua3
894	寡	gua3
895	挂	gua4
896	褂	gua4
897	乖	guai1
898	拐	guai3
899	怪	guai4
900	棺	guan1/guan4
901	关	guan1
902	官	guan1
903	冠	guan1/guan4
904	观	guan1/guan4
905	管	guan3
906	馆	guan3
907	罐	guan4
908	惯	guan4
909	灌	guan4/huan4
910	贯	guan4
911	光	guang1/guang4
912	广	guang3/yan3/an1
913	逛	guang4/kuang2
914	瑰	gui1
915	规	gui1
916	圭	gui1
917	硅	gui1/he4
918	归	gui1
919	龟	gui1/jun1/qiu1
920	闺	gui1
921	轨	gui3
922	鬼	gui3
923	诡	gui3
924	癸	gui3
925	桂	gui4/gui1
926	柜	gui4/ju3
927	跪	gui4
928	贵	gui4
929	刽	gui4
930	辊	gun3
931	滚	gun3
932	棍	gun4/hun4/ao1/gun3
933	锅	guo1
934	郭	guo1/guo2
935	国	guo2
936	果	guo3/luo3/guan4
937	裹	guo3
938	过	guo4/guo1
939	哈	ha1/ha4/he1/he2/ha3/ta4/sha4
940	骸	hai2/gai1
941	孩	hai2
942	海	hai3
943	氦	hai4
944	亥	hai4/jie1
945	害	hai4/he2
946	骇	hai4
947	酣	han1/han4
948	憨	han1
949	邯	han2/han4
950	韩	han2
951	含	han2/han4
952	涵	han2/han4
953	寒	han2
954	函	han2
955	喊	han3/kan4/jian1
956	罕	han3/han4
957	翰	han4
958	撼	han4
959	捍	han4/xian4/gan3
960	旱	han4
961	憾	han4/dan4
962	悍	han4
963	焊	han4
964	汗	han4/han2/gan1
965	汉	han4
966	夯	hang1/ben4
967	杭	hang2/kang4/kang1
968	航	hang2
969	壕	hao2
970	嚎	hao2
971	豪	hao2
972	毫	hao2
973	郝	hao3/shi4
974	好	hao3/hao4
975	耗	hao4/mao2/mao4
976	号	hao4/hao2/xiao1
977	浩	hao4/gao3/ge2
978	呵	he1/ha1/a1/a/ke1/huo1/a2/a4
979	喝	he1/ye4/he4/kai4
980	荷	he2/he4/he1
981	菏	he2/ge1
982	核	he2/gai1/kai4/hu2
983	禾	he2
984	和	he2/he4/huo4/huo2/hu2
985	何	he2/he4
986	合	he2/ge3
987	盒	he2/an1
988	貉	hao2/mo4/he2/ma4
989	阂	he2
990	河	he2
991	涸	he2
992	赫	he4/shi4
993	褐	he4
994	鹤	he4
995	贺	he4
996	嘿	hei1/mo4/mu4
997	黑	hei1
998	痕	hen2/gen4
999	很	hen3
1000	狠	hen3/yan2/ken3/hang3
1001	恨	hen4
1002	哼	heng1/hng
1003	亨	heng1/xiang3/peng1
1004	横	heng2/heng4/guang1/guang4/huang2/huang4
1005	衡	heng2
1006	恒	heng2
1007	轰	hong1
1008	哄	hong1/hong4/hong3
1009	烘	hong1
1010	虹	hong2/hong4/gong4/jiang4
1011	鸿	hong2
1012	洪	hong2
1013	宏	hong2
1014	弘	hong2
1015	红	hong2/gong1
1016	喉	hou2
1017	侯	hou2/hou4
1018	猴	hou2
1019	吼	hou3
1020	厚	hou4
1021	候	hou4
1022	后	hou4
1023	呼	hu1/xiao1/xu1/he4/xia4
1024	乎	hu1
1025	忽	hu1
1026	瑚	hu2
1027	壶	hu2
1028	葫	hu2
1029	胡	hu2
1030	蝴	hu2
1031	狐	hu2
1032	糊	hu2/hu1/hu4
1033	湖	hu2
1034	弧	hu2
1035	虎	hu3/hu4
1036	唬	hu3/xiao1/guo2/xia4/hao2
1037	护	hu4
1038	互	hu4
1039	沪	hu4
1040	户	hu4
1041	花	hua1
1042	哗	hua1/hua2
1043	华	hua2/hua4
1044	猾	hua2
1045	滑	hua2/gu3
1046	画	hua4
1047	划	hua4/guo4/guo3/hua2/huai
1048	化	hua4/hua1/huo4
1049	话	hua4
1050	槐	huai2
1051	徊	huai2/hui2
1052	怀	huai2/fu4
1053	淮	huai2
1054	坏	huai4/pi1/pei2
1055	欢	huan1
1056	环	huan2
1057	桓	huan2
1058	还	hai2/fu2/huan2
1059	缓	huan3
1060	换	huan4
1061	患	huan4
1062	唤	huan4
1063	痪	huan4/tuan3
1064	豢	huan4
1065	焕	huan4
1066	涣	huan4/hui4
1067	宦	huan4
1068	幻	huan4
1069	荒	huang1/huang3/kang1/huang2
1070	慌	huang1/huang3/huang
1071	黄	huang2
1072	磺	huang2/kuang4/gong3
1073	蝗	huang2
1074	簧	huang2
1075	皇	huang2/wang3
1076	凰	huang2
1077	惶	huang2
1078	煌	huang2
1079	晃	huang3/huang4
1080	幌	huang3
1081	恍	huang3/guang1
1082	谎	huang3
1083	灰	hui1
1084	挥	hui1
1085	辉	hui1
1086	徽	hui1
1087	恢	hui1
1088	蛔	hui2
1089	回	hui2
1090	毁	hui3/hui4
1091	悔	hui3
1092	慧	hui4
1093	卉	hui4
1094	惠	hui4
1095	晦	hui4
1096	贿	hui4
1097	秽	hui4
1098	会	hui4/kuai4
1099	烩	hui4
1100	汇	hui4
1101	讳	hui4
1102	诲	hui4
1103	绘	hui4
1104	荤	hun1/xun1
1105	昏	hun1/hun4
1106	婚	hun1
1107	魂	hun2
1108	浑	hun2
1109	混	hun4/gun3/hun2/kun1
1110	豁	huo1/huo4/hua2
1111	活	huo2/guo1
1112	伙	huo3/huo
1113	火	huo3/huo1
1114	获	huo4
1115	或	huo4/yu4
1116	惑	huo4
1117	霍	huo4/he4/suo3
1118	货	huo4
1119	祸	huo4
1120	击	ji1
1121	圾	ji1/ji2/jie2
1122	基	ji1
1123	机	ji1/wei4
1124	畸	ji1/qi2
1125	稽	ji1/qi3
1126	积	ji1/zhi3
1127	箕	ji1
1128	肌	ji1/ji4
1129	饥	ji1
1130	迹	ji1
1131	激	ji1/jiao4/jiao1
1132	讥	ji1
1133	鸡	ji1
1134	姬	ji1/yi2
1135	绩	ji1
1136	缉	ji1/qi1
1137	吉	ji2
1138	极	ji2
1139	棘	ji2
1140	辑	ji2
1141	籍	ji2/jie4
1142	集	ji2
1143	及	ji2
1144	急	ji2
1145	疾	ji2
1146	汲	ji2/ji1
1147	即	ji2
1148	嫉	ji2
1149	级	ji2
1150	挤	ji3
1151	几	ji3/ji1
1152	脊	ji2/ji3
1153	己	ji3/qi3
1154	蓟	ji4
1155	技	ji4/qi2
1156	冀	ji4
1157	季	ji4
1158	伎	ji4/zhi4/qi2/qi4
1159	祭	ji4/zhai4
1160	剂	ji4
1161	悸	ji4
1162	济	ji4/ji3
1163	寄	ji4
1164	寂	ji4
1165	计	ji4
1166	记	ji4
1167	既	ji4/xi4
1168	忌	ji4
1169	际	ji4
1170	继	ji4
1171	纪	ji4/ji3
1172	嘉	jia1
1173	枷	jia1/jia4
1174	夹	jia1/ga1/jia2
1175	佳	jia1
1176	家	jia1/jia4/jia/jie/gu1
1177	加	jia1
1178	荚	jia2
1179	颊	jia2
1180	贾	jia3/gu3
1181	甲	jia3
1182	钾	jia3
1183	假	jia3/jia4/jie/xia4/xia2/ge2
1184	稼	jia4
1185	价	jia4/jie4/jie
1186	架	jia4
1187	驾	jia4
1188	嫁	jia4
1189	歼	jian1
1190	监	jian1/jian4
1191	坚	jian1
1192	尖	jian1
1193	笺	jian1
1194	间	jian1/jian4
1195	煎	jian1/jian4/jian3
1196	兼	jian1
1197	肩	jian1/xian2
1198	艰	jian1
1199	缄	jian1
1200	茧	jian3/chong2
1201	检	jian3
1202	柬	jian3
1203	碱	jian3/xian2
1204	硷	jian3
1205	拣	jian3
1206	捡	jian3
1207	简	jian3
1208	俭	jian3
1209	剪	jian3
1210	减	jian3
1211	荐	jian4
1212	槛	kan3/jian4
1213	鉴	jian4
1214	践	jian4
1215	见	jian4/xian4
1216	键	jian4
1217	箭	jian4
1218	件	jian4/mou2
1219	健	jian4
1220	舰	jian4
1221	剑	jian4
1222	饯	jian4
1223	渐	jian4/jian1
1224	溅	jian4/jian1
1225	涧	jian4
1226	建	jian4
1227	僵	jiang1
1228	姜	jiang1
1229	将	jiang1/jiang4/qiang1
1230	浆	jiang1/jiang4
1231	江	jiang1
1232	疆	jiang1/jiang4
1233	蒋	jiang3
1234	桨	jiang3
1235	奖	jiang3
1236	讲	jiang3
1237	匠	jiang4
1238	酱	jiang4
1239	降	jiang4/xiang2
1240	蕉	jiao1/qiao2/qiao1
1241	椒	jiao1
1242	礁	jiao1
1243	焦	jiao1/qiao2
1244	胶	jiao1/xiao2
1245	交	jiao1
1246	郊	jiao1
1247	浇	jiao1
1248	骄	jiao1
1249	娇	jiao1
1250	嚼	jue2/jiao2/jiao4
1251	搅	jiao3
1252	铰	jiao3
1253	矫	jiao3/jiao2
1254	侥	jiao3/yao2
1255	脚	jiao3/jue2
1256	狡	jiao3/xiao4
1257	角	jiao3/jue2/lu4/gu3
1258	饺	jiao3
1259	缴	jiao3/zhuo2
1260	绞	jiao3
1261	剿	jiao3/chao1
1262	教	jiao4/jiao1
1263	酵	jiao4
1264	轿	jiao4
1265	较	jiao4
1266	叫	jiao4
1267	窖	jiao4/zao4
1268	揭	jie1/qi4/he2
1269	接	jie1/xie2/sha4/cha1
1270	皆	jie1
1271	秸	jie1/ji2
1272	街	jie1
1273	阶	jie1
1274	截	jie2
1275	劫	jie2
1276	节	jie2/jie1
1277	桔	ju2/jie2/xie2
1278	杰	jie2
1279	捷	jie2/qie4/cha1
1280	睫	jie2/she4
1281	竭	jie2
1282	洁	jie2/ji2
1283	结	jie2/jie1
1284	解	jie3/jie4/xie4
1285	姐	jie3/ju4/xu4/zu1
1286	戒	jie4
1287	藉	ji2/jie4
1288	芥	jie4/gai4
1289	界	jie4
1290	借	jie4
1291	介	jie4/ge4
1292	疥	jie4
1293	诫	jie4
1294	届	jie4
1295	巾	jin1
1296	筋	jin1/qian2
1297	斤	jin1
1298	金	jin1/jin4
1299	今	jin1
1300	津	jin1
1301	襟	jin1
1302	紧	jin3
1303	锦	jin3
1304	仅	jin3/fu4/nu2/jin4
1305	谨	jin3
1306	进	jin4
1307	靳	jin4
1308	晋	jin4
1309	禁	jin4/jin1
1310	近	jin4
1311	烬	jin4
1312	浸	jin4/qin1
1313	尽	jin3/jin4
1314	劲	jin4/jing4
1315	荆	jing1
1316	兢	jing1
1317	茎	jing1
1318	睛	jing1/jing3
1319	晶	jing1
1320	鲸	jing1
1321	京	jing1
1322	惊	jing1/liang2
1323	精	jing1/qing2/jing4
1324	粳	jing1
1325	经	jing1/jing4
1326	井	jing3/jing4
1327	警	jing3
1328	景	jing3/ying3
1329	颈	jing3/geng3
1330	静	jing4
1331	境	jing4
1332	敬	jing4
1333	镜	jing4
1334	径	jing4
1335	痉	jing4
1336	靖	jing4
1337	竟	jing4
1338	竞	jing4
1339	净	jing4/cheng1
1340	炯	jiong3
1341	窘	jiong3
1342	揪	jiu1
1343	究	jiu1/jiu4
1344	纠	jiu1
1345	玖	jiu3
1346	韭	jiu3
1347	久	jiu3
1348	灸	jiu3
1349	九	jiu3/jiu1
1350	酒	jiu3
1351	厩	jiu4
1352	救	jiu4/jiu1
1353	旧	jiu4
1354	臼	jiu4
1355	舅	jiu4
1356	咎	jiu4/gao1
1357	就	jiu4
1358	疚	jiu4
1359	鞠	ju1/qu1/qiong1
1360	拘	ju1/gou1/ju3/ju2
1361	狙	ju1
1362	疽	ju1/ju3
1363	居	ju1/ji1
1364	驹	ju1
1365	菊	ju2
1366	局	ju2
1367	咀	ju3/zui3
1368	矩	ju3
1369	举	ju3
1370	沮	ju3/ju1/ju4/jian1/zu3
1371	聚	ju4
1372	拒	ju4/ju3
1373	据	ju4/ju1
1374	巨	ju4/qu2
1375	具	ju4
1376	距	ju4
1377	踞	ju4
1378	锯	ju4/ju1
1379	俱	ju4/ju1
1380	句	ju4/gou1/gou4/qu2
1381	惧	ju4
1382	炬	ju4
1383	剧	ju4
1384	捐	juan1/yuan2
1385	鹃	juan1
1386	娟	juan1
1387	倦	juan4
1388	眷	juan4
1389	卷	juan3/juan4/quan2/quan1/gun3/jun4
1390	绢	juan4
1391	撅	jue1/jue4/jue2/gui4
1392	攫	jue2
1393	抉	jue2
1394	掘	jue2/ku1
1395	倔	jue2/jue4
1396	爵	jue2
1397	觉	jue2/jiao4
1398	决	jue2
1399	诀	jue2
1400	绝	jue2
1401	均	jun1/yun4
1402	菌	jun1/jun4
1403	钧	jun1
1404	军	jun1
1405	君	jun1
1406	峻	jun4
1407	俊	jun4/shun4/dun1
1408	竣	jun4
1409	浚	jun4/xun4/cun2
1410	郡	jun4
1411	骏	jun4
1412	喀	ka1/ke4/ke
1413	咖	ka1/jia1/ga1
1414	卡	ka3/qia3
1415	咯	ge1/luo4/ka3/ka1/lo
1416	开	kai1
1417	揩	kai1/jia2
1418	楷	kai3/jie4/jie1
1419	凯	kai3
1420	慨	kai3
1421	刊	kan1
1422	堪	kan1/chen3
1423	勘	kan1
1424	坎	kan3/kan4
1425	砍	kan3
1426	看	kan4/kan1
1427	康	kang1/kang4
1428	慷	kang1
1429	糠	kang1
1430	扛	kang2/gang1
1431	抗	kang4/gang1
1432	亢	kang4/gang1/geng1
1433	炕	kang4/hang1
1434	考	kao3
1435	拷	kao3
1436	烤	kao3
1437	靠	kao4
1438	坷	ke3/ke1/jiong1
1439	苛	ke1/he1
1440	柯	ke1
1441	棵	ke1/kuan3/ke3
1442	磕	ke1/ke3
1443	颗	ke1
1444	科	ke1/ke4
1445	壳	ke2/qiao4
1446	咳	hai1/hai2/ke2/gai1
1447	可	ke3/ge1/ke4
1448	渴	ke3/jie2/kai4/he2
1449	克	ke4
1450	刻	ke4/kei1
1451	客	ke4/qia4
1452	课	ke4
1453	肯	ken3
1454	啃	ken3
1455	垦	ken3/yin2
1456	恳	ken3
1457	坑	keng1/kang4
1458	吭	keng1/hang2/hang4
1459	空	kong1/kong3/kong4
1460	恐	kong3
1461	孔	kong3
1462	控	kong4/kong1/qiang1
1463	抠	kou1
1464	口	kou3
1465	扣	kou4
1466	寇	kou4
1467	枯	ku1/gu1
1468	哭	ku1
1469	窟	ku1
1470	苦	ku3/gu3/hu4
1471	酷	ku4
1472	库	ku4
1473	裤	ku4
1474	夸	kua1/kua4/kua3
1475	垮	kua3
1476	挎	kua4/ku1/kou1
1477	跨	kua4/ku4/kua1/kua3
1478	胯	kua4/kua3
1479	块	kuai4/yue2
1480	筷	kuai4
1481	侩	kuai4
1482	快	kuai4
1483	宽	kuan1
1484	款	kuan3/xin1
1485	匡	kuang1/wang1
1486	筐	kuang1
1487	狂	kuang2/jue2
1488	框	kuang1/kuang4/kuang2
1489	矿	kuang4
1490	眶	kuang4
1491	旷	kuang4
1492	况	kuang4
1493	亏	kui1/yu2
1494	盔	kui1
1495	岿	kui1
1496	窥	kui1
1497	葵	kui2
1498	奎	kui2/kui3
1499	魁	kui2/kui3/kuai4
1500	傀	gui1/kuai4/kui3
1501	馈	kui4
1502	愧	kui4
1503	溃	kui4/hui4
1504	坤	kun1
1505	昆	kun1/hun2/kun4
1506	捆	kun3/hun2
1507	困	kun4
1508	括	kuo4/gua1
1509	扩	kuo4
1510	廓	kuo4
1511	阔	kuo4
1512	垃	la1/la
1513	拉	la1/la2/la3/la4/la
1514	喇	la3/la2/la1/la
1515	蜡	la4/qu4/zha4/ji2
1516	腊	la4/xi1
1517	辣	la4
1518	啦	la/la1
1519	莱	lai2
1520	来	lai2
1521	赖	lai4
1522	蓝	lan2/la
1523	婪	lan2/lan3
1524	栏	lan2
1525	拦	lan2
1526	篮	lan2
1527	阑	lan2
1528	兰	lan2
1529	澜	lan2
1530	谰	lan2
1531	揽	lan3
1532	览	lan3
1533	懒	lan3
1534	缆	lan3
1535	烂	lan4
1536	滥	lan4
1537	琅	lang2/lang4
1538	榔	lang2/lang3
1539	狼	lang2/lang3/lang4/hang3
1540	廊	lang2
1541	郎	lang2/lang4
1542	朗	lang3
1543	浪	lang4/lang2
1544	捞	lao1
1545	劳	lao2
1546	牢	lao2/lao4/lou2
1547	老	lao3
1548	佬	lao3/liao2
1549	姥	lao3/mu3
1550	酪	lao4/luo4/lu4
1551	烙	lao4/luo4
1552	涝	lao4
1553	勒	lei1/le4/lei
1554	乐	le4/yue4
1555	雷	lei2/lei4
1556	镭	lei2
1557	蕾	lei3
1558	磊	lei3
1559	累	lei4/lei3/lei2/lv4/lie4
1560	儡	lei3/lei2/lei4
1561	垒	lei3
1562	擂	lei2/lei4/lei1
1563	肋	le1/lei4/jin1
1564	类	lei4
1565	泪	lei4
1566	棱	leng2/leng4/leng1/ling2/cheng1
1567	楞	leng2/leng4
1568	冷	leng3/ling2/ling3
1569	厘	li2/chan2
1570	梨	li2
1571	犁	li2
1572	黎	li2
1573	篱	li2
1574	狸	li2
1575	离	li2/chi1
1576	漓	li2
1577	理	li3
1578	李	li3
1579	里	li3/li
1580	鲤	li3
1581	礼	li3
1582	莉	li4/li2/chi2
1583	荔	li4
1584	吏	li4
1585	栗	li4/lie4
1586	丽	li4/li2
1587	厉	li4
1588	励	li4
1589	砾	li4
1590	历	li4
1591	利	li4
1592	傈	li4
1593	例	li4/lie4
1594	俐	li4
1595	痢	li4
1596	立	li4/wei4
1597	粒	li4
1598	沥	li4
1599	隶	li4/dai4/yi4/di4
1600	力	li4
1601	璃	li2
1602	哩	li1/li4/li/li3/mai2/ying1
1603	俩	lia3/liang3
1604	联	lian2
1605	莲	lian2
1606	连	lian2
1607	镰	lian2
1608	廉	lian2
1609	怜	lian2/ling2/ling3
1610	涟	lian2
1611	帘	lian2/chen2
1612	敛	lian3
1613	脸	lian3
1614	链	lian4
1615	恋	lian4
1616	炼	lian4
1617	练	lian4
1618	粮	liang2
1619	凉	liang2/liang4
1620	梁	liang2
1621	粱	liang2
1622	良	liang2/liang3
1623	两	liang3
1624	辆	liang4
1625	量	liang4/liang2
1626	晾	liang4
1627	亮	liang4/liang2
1628	谅	liang4
1629	撩	liao1/liao2/liao3/lao4/liao4
1630	聊	liao2/liu2
1631	僚	liao2/liao3/lao3
1632	疗	liao2
1633	燎	liao2/liao3/liao4
1634	寥	liao2
1635	辽	liao2
1636	潦	lao3/lao4/lao2/liao2/liao3
1637	了	le/liao3/liao4
1638	撂	liao4
1639	镣	liao4
1640	廖	liao4/liao2
1641	料	liao4/liao2
1642	列	lie4/li4
1643	裂	lie4/lie3
1644	烈	lie4
1645	劣	lie4
1646	猎	lie4/xi1/que4
1647	琳	lin2
1648	林	lin2
1649	磷	lin2/lin4/lin3/ling2
1650	霖	lin2
1651	临	lin2
1652	邻	lin2
1653	鳞	lin2
1654	淋	lin2/lin4
1655	凛	lin3
1656	赁	lin4
1657	吝	lin4
1658	拎	lin1/ling1
1659	玲	ling2
1660	菱	ling2
1661	零	ling2/lian2
1662	龄	ling2
1663	铃	ling2
1664	伶	ling2
1665	羚	ling2
1666	凌	ling2/ling4
1667	灵	ling2
1668	陵	ling2
1669	岭	ling3/ling2
1670	领	ling3
1671	另	ling4
1672	令	ling4/ling2/lian2/ling3
1673	溜	liu1/liu4/liu2
1674	琉	liu2
1675	榴	liu2
1676	硫	liu2/chu4
1677	馏	liu2/liu4
1678	留	liu2/liu4/liu3
1679	刘	liu2
1680	瘤	liu2
1681	流	liu2
1682	柳	liu3
1683	六	liu4/lu4
1684	龙	long2
1685	聋	long2
1686	咙	long2
1687	笼	long2/long3
1688	窿	long2
1689	隆	long2/long1
1690	垄	long3
1691	拢	long3
1692	陇	long3
1693	楼	lou2
1694	娄	lou2
1695	搂	lou3/lou1
1696	篓	lou3
1697	漏	lou4/lou2
1698	陋	lou4
1699	芦	lu2/hu4/lu3
1700	卢	lu2
1701	颅	lu2
1702	庐	lu2
1703	炉	lu2
1704	掳	lu3
1705	卤	lu3/xi1
1706	虏	lu3
1707	鲁	lu3
1708	麓	lu4
1709	碌	lu4/luo4/liu4
1710	露	lu4/lou4
1711	路	lu4/luo4
1712	赂	lu4
1713	鹿	lu4/lv2
1714	潞	lu4
1715	禄	lu4
1716	录	lu4
1717	陆	lu4/liu4
1718	戮	lu4
1719	驴	lv2
1720	吕	lv3
1721	铝	lv3
1722	侣	lv3
1723	旅	lv3
1724	履	lv3
1725	屡	lv3
1726	缕	lv3
1727	虑	lv4/bi4
1728	氯	lv4
1729	律	lv4
1730	率	lv4/shuai4/lve
1731	滤	lv4
1732	绿	lv4/lu4
1733	峦	luan2
1734	挛	luan2
1735	孪	luan2
1736	滦	luan2
1737	卵	luan3/kun1
1738	乱	luan4
1739	掠	lve4/lve3
1740	略	lve4
1741	抡	lun1/lun2
1742	轮	lun2
1743	伦	lun2
1744	仑	lun2
1745	沦	lun2
1746	纶	lun2/guan1
1747	论	lun4/lun2
1748	萝	luo2
1749	螺	luo2
1750	罗	luo2
1751	逻	luo2
1752	锣	luo2
1753	箩	luo2
1754	骡	luo2
1755	裸	luo3
1756	落	luo4/la4/lao4/luo1
1757	洛	luo4
1758	骆	luo4
1759	络	luo4/lao4
1760	妈	ma1
1761	麻	ma2/ma1
1762	玛	ma3
1763	码	ma3
1764	蚂	ma3/ma1/ma4
1765	马	ma3
1766	骂	ma4
1767	嘛	ma/ma2
1768	吗	ma/ma2/ma3
1769	埋	mai2/man2
1770	买	mai3
1771	麦	mai4
1772	卖	mai4
1773	迈	mai4
1774	脉	mai4/mo4
1775	瞒	man2
1776	馒	man2
1777	蛮	man2
1778	满	man3
1779	蔓	man4/wan4/man2
1780	曼	man4
1781	慢	man4/man2
1782	漫	man4
1783	谩	man2/man4
1784	芒	mang2/huang1/huang3/wang2
1785	茫	mang2/huang3
1786	盲	mang2
1787	氓	mang2/meng2
1788	忙	mang2
1789	莽	mang3/mang2
1790	猫	mao1/miao2/mao2
1791	茅	mao2
1792	锚	mao2
1793	毛	mao2/mao4
1794	矛	mao2
1795	铆	mao3
1796	卯	mao3
1797	茂	mao4
1798	冒	mao4/mo4
1799	帽	mao4
1800	貌	mao4/mo4
1801	贸	mao4
1802	么	me/yao1/mo2/ma
1803	玫	mei2
1804	枚	mei2
1805	梅	mei2
1806	酶	mei2
1807	霉	mei2
1808	煤	mei2
1809	没	mei2/mo4/me
1810	眉	mei2
1811	媒	mei2/mei4
1812	镁	mei3
1813	每	mei3
1814	美	mei3
1815	昧	mei4/wen3/mo4
1816	寐	mei4
1817	妹	mei4
1818	媚	mei4
1819	门	men2
1820	闷	men4/men1
1821	们	men
1822	萌	meng2/ming2
1823	蒙	meng2/meng3/meng1
1824	檬	meng2
1825	盟	meng2/meng4/ming2
1826	锰	meng3
1827	猛	meng3
1828	梦	meng4
1829	孟	meng4
1830	眯	mi1/mi3/mi4/mi2
1831	醚	mi2
1832	靡	mi2/mi3/ma2
1833	糜	mi2/mei2
1834	迷	mi2/mi4
1835	谜	mi2/mei4
1836	弥	mi2
1837	米	mi3
1838	秘	mi4/bi4/bie2
1839	觅	mi4
1840	泌	mi4/bi4
1841	蜜	mi4
1842	密	mi4
1843	幂	mi4
1844	棉	mian2
1845	眠	mian2/mian3/min3
1846	绵	mian2
1847	冕	mian3
1848	免	mian3/wen4/wan3
1849	勉	mian3
1850	娩	mian3/wan3/wen4
1851	缅	mian3
1852	面	mian4
1853	苗	miao2
1854	描	miao2/mao4
1855	瞄	miao2
1856	藐	miao3/mo4
1857	秒	miao3
1858	渺	miao3
1859	庙	miao4
1860	妙	miao4/miao3
1861	蔑	mie4
1862	灭	mie4
1863	民	min2
1864	抿	min3
1865	皿	min3/ming3
1866	敏	min3
1867	悯	min3
1868	闽	min3
1869	明	ming2/meng4
1870	螟	ming2
1871	鸣	ming2
1872	铭	ming2
1873	名	ming2/ming4
1874	命	ming4
1875	谬	miu4
1876	摸	mo1/mo2
1877	摹	mo2/mo1
1878	蘑	mo2
1879	模	mo2/mu2
1880	膜	mo2
1881	磨	mo2/mo4
1882	摩	mo2/mi2/ma1
1883	魔	mo2
1884	抹	mo3/mo4/ma1
1885	末	mo4/me
1886	莫	mo4/mu4
1887	墨	mo4/mei4
1888	默	mo4
1889	沫	mo4
1890	漠	mo4
1891	寞	mo4
1892	陌	mo4
1893	谋	mou2
1894	牟	mou2/mao4/mu4
1895	某	mou3/mei2
1896	拇	mu3
1897	牡	mu3
1898	亩	mu3
1899	姆	mu3
1900	母	mu3/mu2/wu3/wu2
1901	墓	mu4
1902	暮	mu4
1903	幕	mu4/man4
1904	募	mu4/bo2
1905	慕	mu4
1906	木	mu4
1907	目	mu4
1908	睦	mu4
1909	牧	mu4
1910	穆	mu4
1911	拿	na2
1912	哪	na3/nuo2/na/nai3/na4/nie4/ne2/nei3
1913	呐	na4/ne4/na/nuo4/ne
1914	钠	na4
1915	那	na4/nuo2/nuo4/nei4/na3/nei3/ne2/na1/nai3/ne4
1916	娜	na4/nuo2
1917	纳	na4
1918	氖	nai3
1919	乃	nai3/ai3
1920	奶	nai3
1921	耐	nai4/neng2
1922	奈	nai4
1923	南	nan2/na1
1924	男	nan2
1925	难	nan2/nan4
1926	囊	nang2/nang1
1927	挠	nao2
1928	脑	nao3
1929	恼	nao3
1930	闹	nao4
1931	淖	nao4/zhao4/zhuo1/chuo4
1932	呢	ne/ni2/ni3/ni1
1933	馁	nei3
1934	内	nei4/na4/rui4
1935	嫩	nen4
1936	能	neng2/tai2/nai2/nai4/xiong2
1937	妮	ni1/ni2
1938	霓	ni2
1939	倪	ni2/ni4/nie4
1940	泥	ni2/ni4/ni3/nie4/ning4
1941	尼	ni2/ni3
1942	拟	ni3
1943	你	ni3
1944	匿	ni4/te4
1945	腻	ni4
1946	逆	ni4
1947	溺	ni4/ruo4/niao4
1948	蔫	nian1/yan1/yan4
1949	拈	nian1/nian3/dian1
1950	年	nian2/ning4
1951	碾	nian3
1952	撵	nian3
1953	捻	nian3/nie1/nian1
1954	念	nian4
1955	娘	niang2
1956	酿	niang4/niang2
1957	鸟	niao3/diao3
1958	尿	niao4/sui1
1959	捏	nie1
1960	聂	nie4
1961	孽	nie4
1962	啮	nie4
1963	镊	nie4
1964	镍	nie4
1965	涅	nie4
1966	您	nin2
1967	柠	ning2/chu3/zhu4
1968	狞	ning2
1969	凝	ning2
1970	宁	ning2/zhu4/ning4
1971	拧	ning2/ning3/ning4
1972	泞	ning4/zhu4
1973	牛	niu2
1974	扭	niu3/chou3/zhou3/zhou4
1975	钮	niu3
1976	纽	niu3
1977	脓	nong2
1978	浓	nong2
1979	农	nong2
1980	弄	nong4/long4
1981	奴	nu2
1982	努	nu3
1983	怒	nu4
1984	女	nv3/nv4/ru3
1985	暖	nuan3/xuan1
1986	虐	nve4
1987	疟	nve4/yao4
1988	挪	nuo2
1989	懦	nuo4
1990	糯	nuo4
1991	诺	nuo4
1992	哦	o2/e2/o4
1993	欧	ou1
1994	鸥	ou1
1995	殴	ou1
1996	藕	ou3
1997	呕	ou3/ou4
1998	偶	ou3
1999	沤	ou1/ou4
2000	啪	pa1
2001	趴	pa1
2002	爬	pa2
2003	帕	pa4/mo4
2004	怕	pa4/bo2
2005	琶	pa2
2006	拍	pai1/bo2
2007	排	pai2/bai4/pai3
2008	牌	pai2
2009	徘	pai2
2010	湃	pai4/ba2
2011	派	pai4/mai4/bai4/pa1
2012	攀	pan1
2013	潘	pan1/pan4/bo1/pan2/fan1
2014	盘	pan2
2015	磐	pan2
2016	盼	pan4/fen2
2017	畔	pan4
2018	判	pan4
2019	叛	pan4
2020	乓	pang1
2021	庞	pang2
2022	旁	pang2/peng1/beng1/bang4
2023	耪	pang3
2024	胖	pang4/pan4/pan2
2025	抛	pao1
2026	咆	pao2
2027	刨	pao2/bao4
2028	炮	pao4/pao2/bao1
2029	袍	pao2/bao4
2030	跑	pao3/pao2/bo2
2031	泡	pao4/pao1/pao2
2032	呸	pei1
2033	胚	pei1
2034	培	pei2/pou3/pi1
2035	裴	pei2/fei2
2036	赔	pei2
2037	陪	pei2
2038	配	pei4
2039	佩	pei4
2040	沛	pei4
2041	喷	pen1/pen4
2042	盆	pen2
2043	砰	peng1/ping1/peng4
2044	抨	peng1/beng1
2045	烹	peng1
2046	澎	peng1/peng2
2047	彭	peng2/pang2/bang1/peng1
2048	蓬	peng2/peng4
2049	棚	peng2
2050	硼	peng2/peng1
2051	篷	peng2
2052	膨	peng2/peng4
2053	朋	peng2
2054	鹏	peng2
2055	捧	peng3/feng4
2056	碰	peng4
2057	坯	pi1/huai4
2058	砒	pi1
2059	霹	pi1
2060	批	pi1/pi2
2061	披	pi1
2062	劈	pi1/pi3
2063	琵	pi2
2064	毗	pi2
2065	啤	pi2
2066	脾	pi2/pai2/bi4/pi4
2067	疲	pi2
2068	皮	pi2
2069	匹	pi3
2070	痞	pi3
2071	僻	pi4
2072	屁	pi4
2073	譬	pi4
2074	篇	pian1
2075	偏	pian1
2076	片	pian4/pian1/pan4
2077	骗	pian4
2078	飘	piao1
2079	漂	piao4/piao1/piao3/biao1
2080	瓢	piao2
2081	票	piao4/piao1
2082	撇	pie1/bie1/pie3
2083	瞥	pie1/bi4
2084	拼	pin1/bing4
2085	频	pin2
2086	贫	pin2
2087	品	pin3
2088	聘	pin4/ping4
2089	乒	ping1
2090	坪	ping2
2091	苹	ping2/peng1
2092	萍	ping2
2093	平	ping2/pian2/bing4/beng1
2094	凭	ping2
2095	瓶	ping2
2096	评	ping2
2097	屏	ping2/bing3/bing4/bing1
2098	坡	po1
2099	泼	po1
2100	颇	po3/po1
2101	婆	po2
2102	破	po4
2103	魄	po4/bo2/tuo4
2104	迫	po4/pai3
2105	粕	po4
2106	剖	pou1/po3
2107	扑	pu1/pi4
2108	铺	pu4/pu1
2109	仆	pu1/pu2
2110	莆	pu2/fu3
2111	葡	pu2/bei4
2112	菩	pu2/bei4/bo2
2113	蒲	pu2/bo2
2114	埔	bu4/pu3
2115	朴	pu3/po4/pu1/po1/piao2
2116	圃	pu3
2117	普	pu3
2118	浦	pu3
2119	谱	pu3
2120	曝	pu4
2121	瀑	pu4/bao4/bo2
2122	期	qi1/ji1
2123	欺	qi1
2124	栖	qi1/xi1
2125	戚	qi1/cu4
2126	妻	qi1/qi4
2127	七	qi1/qi2
2128	凄	qi1
2129	漆	qi1/qie4
2130	柒	qi1
2131	沏	qi1/qie4
2132	其	qi2/ji1/ji4
2133	棋	qi2/ji1
2134	奇	qi2/ji1/ai3/yi3
2135	歧	qi2
2136	畦	qi2
2137	崎	qi2/qi3/yi1
2138	脐	qi2
2139	齐	qi2/ji4
2140	旗	qi2
2141	祈	qi2/gui3
2142	祁	qi2/zhi3
2143	骑	qi2
2144	起	qi3
2145	岂	qi3
2146	乞	qi3/qi4
2147	企	qi3
2148	启	qi3
2149	契	qi4/xie4/qie4/jie2
2150	砌	qi4/qie4
2151	器	qi4
2152	气	qi4/qi3
2153	迄	qi4
2154	弃	qi4
2155	汽	qi4/gai4/yi3
2156	泣	qi4/li4/se4
2157	讫	qi4
2158	掐	qia1
2159	洽	qia4/he2
2160	牵	qian1
2161	扦	qian1
2162	钎	qian1
2163	铅	qian1/yan2
2164	千	qian1
2165	迁	qian1
2166	签	qian1
2167	仟	qian1
2168	谦	qian1
2169	乾	qian2/gan1
2170	黔	qian2
2171	钱	qian2
2172	钳	qian2
2173	前	qian2/qian3/jian3
2174	潜	qian2
2175	遣	qian3/qian4
2176	浅	qian3/jian1
2177	谴	qian3
2178	堑	qian4
2179	嵌	qian4/han3/kan4
2180	欠	qian4
2181	歉	qian4
2182	枪	qiang1
2183	呛	qiang1/qiang4
2184	腔	qiang1/kong4
2185	羌	qiang1
2186	墙	qiang2
2187	蔷	qiang2
2188	强	qiang2/qiang3/jiang4
2189	抢	qiang3/qiang1
2190	橇	qiao1
2191	锹	qiao1
2192	敲	qiao1
2193	悄	qiao1/qiao3/qiao4
2194	桥	qiao2
2195	瞧	qiao2
2196	乔	qiao2
2197	侨	qiao2
2198	巧	qiao3
2199	鞘	qiao4/shao1
2200	撬	qiao4
2201	翘	qiao4/qiao2
2202	峭	qiao4
2203	俏	qiao4/xiao4/xiao1
2204	窍	qiao4
2205	切	qie4/qie1/qi4
2206	茄	jia1/qie2
2207	且	qie3/ju1/cu2
2208	怯	qie4
2209	窃	qie4
2210	钦	qin1
2211	侵	qin1/qin3
2212	亲	qin1/qing4
2213	秦	qin2
2214	琴	qin2
2215	勤	qin2/qi2
2216	芹	qin2
2217	擒	qin2
2218	禽	qin2
2219	寝	qin3
2220	沁	qin4
2221	青	qing1/jing1
2222	轻	qing1
2223	氢	qing1
2224	倾	qing1
2225	卿	qing1
2226	清	qing1/qing4
2227	擎	qing2
2228	晴	qing2
2229	氰	qing2
2230	情	qing2
2231	顷	qing3
2232	请	qing3
2233	庆	qing4
2234	琼	qiong2
2235	穷	qiong2
2236	秋	qiu1
2237	丘	qiu1
2238	邱	qiu1
2239	球	qiu2
2240	求	qiu2
2241	囚	qiu2
2242	酋	qiu2
2243	泅	qiu2/you1
2244	趋	qu1
2245	区	qu1/ou1
2246	蛆	qu1/ju1
2247	曲	qu1/qu3
2248	躯	qu1
2249	屈	qu1/jue2/que4/ju2
2250	驱	qu1
2251	渠	qu2/ju4
2252	取	qu3/qu1
2253	娶	qu3/ju1/shu1
2254	龋	qu3
2255	趣	qu4/cu4/qu1/cou3/zou1
2256	去	qu4/qu1
2257	圈	quan1/juan4/juan1/quan2/juan3
2258	颧	quan2
2259	权	quan2
2260	醛	quan2/chuo4
2261	泉	quan2
2262	全	quan2
2263	痊	quan2
2264	拳	quan2
2265	犬	quan3
2266	券	quan4/xuan4
2267	劝	quan4
2268	缺	que1/kui3
2269	炔	gui4/xue4/que1
2270	瘸	que2
2271	却	que4
2272	鹊	que4
2273	榷	que4
2274	确	que4
2275	雀	que4/qiao1/qiao3
2276	裙	qun2
2277	群	qun2
2278	然	ran2
2279	燃	ran2
2280	冉	ran3/nan2/dan1
2281	染	ran3
2282	瓤	rang2
2283	壤	rang3
2284	攘	rang3/rang4/ning2/xiang3
2285	嚷	rang3/rang1
2286	让	rang4
2287	饶	rao2
2288	扰	rao3/you4
2289	绕	rao4/rao3
2290	惹	re3/ruo4
2291	热	re4
2292	壬	ren2
2293	仁	ren2
2294	人	ren2
2295	忍	ren3/ren4
2296	韧	ren4
2297	任	ren4/ren2/lin4
2298	认	ren4
2299	刃	ren4
2300	妊	ren4/ren2
2301	纫	ren4
2302	扔	reng1/reng4
2303	仍	reng2
2304	日	ri4
2305	戎	rong2/reng1
2306	茸	rong1/rong2/rong3
2307	蓉	rong2
2308	荣	rong2
2309	融	rong2
2310	熔	rong2
2311	溶	rong2
2312	容	rong2/yong3
2313	绒	rong2
2314	冗	rong3
2315	揉	rou2
2316	柔	rou2
2317	肉	rou4/ru4
2318	茹	ru2
2319	蠕	ru2
2320	儒	ru2
2321	孺	ru2
2322	如	ru2
2323	辱	ru3
2324	乳	ru3
2325	汝	ru3
2326	入	ru4
2327	褥	ru4/nu4
2328	软	ruan3
2329	阮	ruan3/yuan2
2330	蕊	rui3/juan3
2331	瑞	rui4
2332	锐	rui4
2333	闰	run4
2334	润	run4
2335	若	ruo4/re2/re4/re3
2336	弱	ruo4
2337	撒	sa1/sa3
2338	洒	sa3/xi3/xian3/sen3/cui3/xun4
2339	萨	sa4
2340	腮	sai1
2341	鳃	sai1
2342	塞	sai1/se4/sai4
2343	赛	sai4
2344	三	san1
2345	叁	san1
2346	伞	san3
2347	散	san4/san3/san1
2348	桑	sang1
2349	嗓	sang3
2350	丧	sang4/sang1
2351	搔	sao1/sao4
2352	骚	sao1
2353	扫	sao3/sao4
2354	嫂	sao3
2355	瑟	se4
2356	色	se4/shai3
2357	涩	se4
2358	森	sen1
2359	僧	seng1/ceng2
2360	莎	sha1/suo1/sui1
2361	砂	sha1
2362	杀	sha1
2363	刹	sha1/cha4
2364	沙	sha1/sha4/suo1
2365	纱	sha1
2366	傻	sha3
2367	啥	sha4
2368	煞	sha1/sha4
2369	筛	shai1
2370	晒	shai4
2371	珊	shan1
2372	苫	shan1/shan4/tian1/chan1
2373	杉	shan1/sha1
2374	山	shan1
2375	删	shan1
2376	煽	shan1
2377	衫	shan1
2378	闪	shan3
2379	陕	shan3
2380	擅	shan4
2381	赡	shan4
2382	膳	shan4
2383	善	shan4
2384	汕	shan4/shuan4
2385	扇	shan4/shan1
2386	缮	shan4
2387	墒	shang1
2388	伤	shang1
2389	商	shang1
2390	赏	shang3
2391	晌	shang3
2392	上	shang4/shang3
2393	尚	shang4/chang2
2394	裳	shang/chang2
2395	梢	shao1/shao4/xiao1/sao4
2396	捎	shao1/shao3/xiao1/qiao4/shao4
2397	稍	shao1/shao4
2398	烧	shao1
2399	芍	shao2/xiao4/que4/di4
2400	勺	shao2/shuo4/zhuo2/di4
2401	韶	shao2
2402	少	shao3/shao4
2403	哨	shao4/sao1/xiao1/xiao4/sao4
2404	邵	shao4
2405	绍	shao4
2406	奢	she1
2407	赊	she1
2408	蛇	she2/yi2/tuo2/chi2
2409	舌	she2/gua1
2410	舍	she3/she4/shi4
2411	赦	she4/ce4
2412	摄	she4
2413	射	she4/ye4/yi4
2414	慑	she4
2415	涉	she4/die2
2416	社	she4
2417	设	she4
2418	砷	shen1
2419	申	shen1
2420	呻	shen1
2421	伸	shen1
2422	身	shen1/juan1
2423	深	shen1
2424	娠	shen1
2425	绅	shen1
2426	神	shen2/shen1
2427	沈	shen3/chen2/tan2
2428	审	shen3
2429	婶	shen3
2430	甚	shen2/shen4
2431	肾	shen4
2432	慎	shen4/zhen4
2433	渗	shen4
2434	声	sheng1/qing4
2435	生	sheng1
2436	甥	sheng1
2437	牲	sheng1
2438	升	sheng1
2439	绳	sheng2
2440	省	sheng3/xing3/xian3
2441	盛	sheng4/cheng2
2442	剩	sheng4
2443	胜	sheng4/xing1/qing4/sheng1
2444	圣	sheng4/ku1
2445	师	shi1
2446	失	shi1/yi4
2447	狮	shi1
2448	施	shi1/yi4/shi3
2449	湿	shi1
2450	诗	shi1
2451	尸	shi1
2452	虱	shi1
2453	十	shi2
2454	石	shi2/dan4
2455	拾	shi2/she4/jie4
2456	时	shi2
2457	什	shen2/shi2
2458	食	shi2/si4/yi4
2459	蚀	shi2
2460	实	shi2
2461	识	shi4/shi2/zhi4
2462	史	shi3
2463	矢	shi3
2464	使	shi3
2465	屎	shi3/xi1
2466	驶	shi3
2467	始	shi3
2468	式	shi4/te4
2469	示	shi4/qi2/zhi4/shi2
2470	士	shi4
2471	世	shi4
2472	柿	shi4
2473	事	shi4/zi4
2474	拭	shi4
2475	誓	shi4
2476	逝	shi4
2477	势	shi4
2478	是	shi4/ti2
2479	嗜	shi4
2480	噬	shi4
2481	适	shi4/kuo4
2482	仕	shi4
2483	侍	shi4
2484	释	shi4
2485	饰	shi4
2486	氏	shi4/zhi1/jing1
2487	市	shi4/fu2
2488	恃	shi4/zhi4
2489	室	shi4
2490	视	shi4
2491	试	shi4
2492	收	shou1
2493	手	shou3
2494	首	shou3
2495	守	shou3/shou4
2496	寿	shou4
2497	授	shou4
2498	售	shou4/shu2
2499	受	shou4/dao4
2500	瘦	shou4
2501	兽	shou4
2502	蔬	shu1/shu3
2503	枢	shu1
2504	梳	shu1
2505	殊	shu1
2506	抒	shu1
2507	输	shu1
2508	叔	shu1
2509	舒	shu1/yu4
2510	淑	shu1/chu4
2511	疏	shu1
2512	书	shu1
2513	赎	shu2
2514	孰	shu2
2515	熟	shu2/shou2
2516	薯	shu3
2517	暑	shu3
2518	曙	shu3
2519	署	shu3
2520	蜀	shu3
2521	黍	shu3
2522	鼠	shu3
2523	属	shu3/zhu3
2524	术	shu4/shu2/zhu2
2525	述	shu4
2526	树	shu4
2527	束	shu4
2528	戍	shu4
2529	竖	shu4
2530	墅	shu4/ye3
2531	庶	shu4/zhu4/zhe1
2532	数	shu4/shu3/shuo4
2533	漱	shu4
2534	恕	shu4
2535	刷	shua1/shua4
2536	耍	shua3
2537	摔	shuai1
2538	衰	shuai1/suo1/cui1
2539	甩	shuai3
2540	帅	shuai4
2541	栓	shuan1/shuan4/quan2
2542	拴	shuan1/quan2
2543	霜	shuang1
2544	双	shuang1
2545	爽	shuang3/shuang1
2546	谁	shei2/shui2
2547	水	shui3
2548	睡	shui4
2549	税	shui4/tuo1/tui4/tuan4
2550	吮	shun3
2551	瞬	shun4
2552	顺	shun4
2553	舜	shun4
2554	说	shuo1/shui4/yue4
2555	硕	shuo4
2556	朔	shuo4
2557	烁	shuo4
2558	斯	si1/shi3
2559	撕	si1/xi1
2560	嘶	si1
2561	思	si1/sai1
2562	私	si1
2563	司	si1/ci2/si4
2564	丝	si1
2565	死	si3
2566	肆	si4/ti4
2567	寺	si4/shi4
2568	嗣	si4
2569	四	si4
2570	伺	ci4/si4
2571	似	shi4/si4
2572	饲	si4
2573	巳	si4/yi3
2574	松	song1
2575	耸	song3
2576	怂	song3
2577	颂	song4
2578	送	song4
2579	宋	song4
2580	讼	song4
2581	诵	song4
2582	搜	sou1/xiao1/sou4/shao3
2583	艘	sou1
2584	擞	sou3/sou4
2585	嗽	sou4/shuo4/shu4
2586	苏	su1
2587	酥	su1
2588	俗	su2
2589	素	su4
2590	速	su4
2591	粟	su4
2592	僳	su4
2593	塑	su4
2594	溯	su4/shuo4
2595	宿	su4/xiu4/xiu3/qi1
2596	诉	su4
2597	肃	su4
2598	酸	suan1
2599	蒜	suan4
2600	算	suan4
2601	虽	sui1
2602	隋	sui2/duo4/tuo3/tuo1
2603	随	sui2
2604	绥	sui2
2605	髓	sui3
2606	碎	sui4
2607	岁	sui4
2608	穗	sui4/dian4
2609	遂	sui4/sui2
2610	隧	sui4/zhui4
2611	祟	sui4
2612	孙	sun1
2613	损	sun3
2614	笋	sun3
2615	蓑	suo1/sui1
2616	梭	suo1/xun4
2617	唆	suo1/shua4
2618	缩	suo1/su4
2619	琐	suo3
2620	索	suo3
2621	锁	suo3
2622	所	suo3
2623	塌	ta1/da1
2624	他	ta1/tuo2
2625	它	ta1/tuo2/yi2
2626	她	ta1/jie3/chi2
2627	塔	ta3/da1/da
2628	獭	ta3
2629	挞	ta4
2630	蹋	ta4
2631	踏	ta4/ta1
2632	胎	tai1
2633	苔	tai2/tai1
2634	抬	tai2/chi1
2635	台	tai2/yi2/si4/tai1
2636	泰	tai4
2637	酞	tai4
2638	太	tai4/ta1
2639	态	tai4
2640	汰	tai4
2641	坍	tan1
2642	摊	tan1
2643	贪	tan1
2644	瘫	tan1
2645	滩	tan1
2646	坛	tan2
2647	檀	tan2/shan4
2648	痰	tan2
2649	潭	tan2/xun2/yin3/dan4
2650	谭	tan2
2651	谈	tan2
2652	坦	tan3
2653	毯	tan3
2654	袒	tan3/zhan4
2655	碳	tan4
2656	探	tan4/xian2
2657	叹	tan4/yi3/you4
2658	炭	tan4
2659	汤	tang1/shang1
2660	塘	tang2
2661	搪	tang2
2662	堂	tang2
2663	棠	tang2
2664	膛	tang2/tang1
2665	唐	tang2
2666	糖	tang2
2667	倘	tang3/chang2
2668	躺	tang3/tang4
2669	淌	tang3/chang4/chang3
2670	趟	tang4/zheng1/zheng4/cheng2/tang1
2671	烫	tang4
2672	掏	tao1/tao2
2673	涛	tao1
2674	滔	tao1
2675	绦	tao1
2676	萄	tao2
2677	桃	tao2/tiao1/zhao4
2678	逃	tao2
2679	淘	tao2
2680	陶	tao2/yao2/dao4
2681	讨	tao3
2682	套	tao4/tao3
2683	特	te4
2684	藤	teng2
2685	腾	teng2
2686	疼	teng2
2687	誊	teng2
2688	梯	ti1/ti2
2689	剔	ti1/ti4
2690	踢	ti1/die2
2691	锑	ti1
2692	提	ti2/chi2/shi2/di3/di1
2693	题	ti2
2694	蹄	ti2/di4
2695	啼	ti2
2696	体	ti3/ben4/cui4/ti1
2697	替	ti4
2698	嚏	ti4
2699	惕	ti4
2700	涕	ti4
2701	剃	ti4
2702	屉	ti4
2703	天	tian1
2704	添	tian1/tian4
2705	填	tian2/tian3/chen2/zhen4
2706	田	tian2
2707	甜	tian2
2708	恬	tian2
2709	舔	tian3/tan1
2710	腆	tian3
2711	挑	tiao1/tiao3/tao2/diao4/tiao2/tiao
2712	条	tiao2
2713	迢	tiao2
2714	眺	tiao4
2715	跳	tiao4/diao4/tao2
2716	贴	tie1
2717	铁	tie3
2718	帖	tie1/tie4/tie3
2719	厅	ting1
2720	听	ting1/yin3/yi2
2721	烃	ting1
2722	汀	ting1/ting4/ding4
2723	廷	ting2
2724	停	ting2
2725	亭	ting2
2726	庭	ting2
2727	挺	ting3/ting2
2728	艇	ting3
2729	通	tong1/tong4
2730	桐	tong2/tong1/dong4
2731	酮	tong2/dong4/chong2
2732	瞳	tong2
2733	同	tong2/tong4
2734	铜	tong2
2735	彤	tong2
2736	童	tong2/zhong1
2737	桶	tong3
2738	捅	tong3
2739	筒	tong3/dong4/tong2
2740	统	tong3
2741	痛	tong4
2742	偷	tou1
2743	投	tou2/dou4
2744	头	tou2/tou
2745	透	tou4/shu1
2746	凸	tu1
2747	秃	tu1
2748	突	tu1
2749	图	tu2
2750	徒	tu2
2751	途	tu2
2752	涂	tu2/chu2/ye2
2753	屠	tu2
2754	土	tu3/du4/cha3/tu2
2755	吐	tu3/tu4
2756	兔	tu4/tu2/chan1
2757	湍	tuan1/zhuan1
2758	团	tuan2/qiu2
2759	推	tui1
2760	颓	tui2
2761	腿	tui3
2762	蜕	tui4/yue4
2763	褪	tui4/tun4
2764	退	tui4
2765	吞	tun1/tian1
2766	屯	tun2/zhun1
2767	臀	tun2
2768	拖	tuo1/chi3
2769	托	tuo1
2770	脱	tuo1/tui4
2771	鸵	tuo2
2772	陀	tuo2/duo4
2773	驮	tuo2/duo4
2774	驼	tuo2
2775	椭	tuo3
2776	妥	tuo3
2777	拓	ta4/zhi2/tuo4
2778	唾	tuo4
2779	挖	wa1
2780	哇	wa/wa1/gui1/hua2/wa2
2781	蛙	wa1/jue2
2782	洼	wa1/gui1
2783	娃	wa2/wa1/gui4
2784	瓦	wa3/wa4
2785	袜	wa4/mo4
2786	歪	wai1/wai3
2787	外	wai4
2788	豌	wan1
2789	弯	wan1
2790	湾	wan1
2791	玩	wan2
2792	顽	wan2
2793	丸	wan2
2794	烷	wan2
2795	完	wan2/kuan1
2796	碗	wan3
2797	挽	wan3
2798	晚	wan3
2799	皖	wan3/huan4
2800	惋	wan3/li4
2801	宛	wan3/yuan1/yun3/yu4
2802	婉	wan3
2803	万	wan4/mo4
2804	腕	wan4
2805	汪	wang1/wang3/hong2
2806	王	wang2/wang4/yu4
2807	亡	wang2/wu2
2808	枉	wang3/kuang2
2809	网	wang3
2810	往	wang3/wang4
2811	旺	wang4
2812	望	wang4
2813	忘	wang4/wang2
2814	妄	wang4/wang2
2815	威	wei1
2816	巍	wei1
2817	微	wei1
2818	危	wei1
2819	韦	wei2
2820	违	wei2
2821	桅	wei2/gui3
2822	围	wei2
2823	唯	wei2/wei3
2824	惟	wei2/wei3
2825	为	wei4/wei2
2826	潍	wei2
2827	维	wei2
2828	苇	wei3
2829	萎	wei1/wei4/wei3
2830	委	wei3/wei1/wei4
2831	伟	wei3
2832	伪	wei3
2833	尾	wei3/yi3
2834	纬	wei3
2835	未	wei4
2836	蔚	wei4/yu4
2837	味	wei4/mei4
2838	畏	wei4/wei1/wei3
2839	胃	wei4
2840	喂	wei4
2841	魏	wei4/wei2/wei1
2842	位	wei4/li4
2843	渭	wei4
2844	谓	wei4
2845	尉	wei4/yu4/yun4
2846	慰	wei4
2847	卫	wei4
2848	瘟	wen1/wo4/yun1
2849	温	wen1/yun4
2850	蚊	wen2
2851	文	wen2
2852	闻	wen2
2853	纹	wen2/wen4
2854	吻	wen3
2855	稳	wen3
2856	紊	wen3/wen4
2857	问	wen4
2858	嗡	weng1/weng3
2859	翁	weng1/weng3
2860	瓮	weng4
2861	挝	wo1/zhua1
2862	蜗	wo1
2863	涡	wo1/guo1
2864	窝	wo1
2865	我	wo3
2866	斡	wo4/guan3
2867	卧	wo4
2868	握	wo4/ou4
2869	沃	wo4
2870	巫	wu1
2871	呜	wu1
2872	钨	wu1
2873	乌	wu1/wu4
2874	污	wu1
2875	诬	wu1
2876	屋	wu1
2877	无	wu2/mo2
2878	芜	wu2
2879	梧	wu2/wu4/yu3
2880	吾	wu2/yu2/ya2
2881	吴	wu2/tun1
2882	毋	wu2/mou2
2883	武	wu3
2884	五	wu3
2885	捂	wu3/wu2
2886	午	wu3
2887	舞	wu3
2888	伍	wu3
2889	侮	wu3
2890	坞	wu4
2891	戊	wu4
2892	雾	wu4
2893	晤	wu4
2894	物	wu4
2895	勿	wu4/mo4
2896	务	wu4
2897	悟	wu4
2898	误	wu4
2899	昔	xi1/cuo4
2900	熙	xi1/yi2
2901	析	xi1/si1
2902	西	xi1
2903	硒	xi1
2904	矽	xi4/xi1
2905	晰	xi1
2906	嘻	xi1
2907	吸	xi1
2908	锡	xi1
2909	牺	xi1
2910	稀	xi1
2911	息	xi1
2912	希	xi1
2913	悉	xi1
2914	膝	xi1
2915	夕	xi1/yi4
2916	惜	xi1
2917	熄	xi1
2918	烯	xi1
2919	溪	xi1/qi1
2920	汐	xi1
2921	犀	xi1
2922	檄	xi2
2923	袭	xi2
2924	席	xi2
2925	习	xi2
2926	媳	xi2
2927	喜	xi3/xi1/chi4
2928	铣	xi3/xian3
2929	洗	xi3/xian3
2930	系	xi4/ji4
2931	隙	xi4
2932	戏	xi4/hu1
2933	细	xi4
2934	瞎	xia1
2935	虾	xia1/ha2
2936	匣	xia2
2937	霞	xia2
2938	辖	xia2
2939	暇	xia2/xia4/jia3
2940	峡	xia2
2941	侠	xia2
2942	狭	xia2
2943	下	xia4
2944	厦	sha4/xia4
2945	夏	xia4/jia3
2946	吓	xia4/ha4/he4
2947	掀	xian1/hen2
2948	锨	xian1
2949	先	xian1
2950	仙	xian1/xian3
2951	鲜	xian1/xian3
2952	纤	xian1/qian4
2953	咸	xian2/jian3/jian1
2954	贤	xian2
2955	衔	xian2
2956	舷	xian2
2957	闲	xian2
2958	涎	xian2/yan4/dian4
2959	弦	xian2
2960	嫌	xian2
2961	显	xian3
2962	险	xian3
2963	现	xian4
2964	献	xian4
2965	县	xian4
2966	腺	xian4
2967	馅	xian4
2968	羡	xian4/yan2/yi2
2969	宪	xian4/xiong4
2970	陷	xian4
2971	限	xian4/wen3
2972	线	xian4
2973	相	xiang1/xiang4
2974	厢	xiang1
2975	镶	xiang1
2976	香	xiang1
2977	箱	xiang1
2978	襄	xiang1
2979	湘	xiang1
2980	乡	xiang1
2981	翔	xiang2
2982	祥	xiang2
2983	详	xiang2
2984	想	xiang3
2985	响	xiang3
2986	享	xiang3
2987	项	xiang4
2988	巷	xiang4/hang4
2989	橡	xiang4
2990	像	xiang4
2991	向	xiang4
2992	象	xiang4
2993	萧	xiao1
2994	硝	xiao1/qiao4
2995	霄	xiao1/xiao4
2996	削	xue1/qiao4/xiao1/shao4
2997	哮	xiao1/xiao4/xue1
2998	嚣	xiao1/ao2
2999	销	xiao1
3000	消	xiao1
3001	宵	xiao1
3002	淆	xiao2
3003	晓	xiao3
3004	小	xiao3
3005	孝	xiao4
3006	校	xiao4/jiao4/jiao3/qiao1
3007	肖	xiao4/xiao1
3008	啸	xiao4
3009	笑	xiao4
3010	效	xiao4
3011	楔	xie1
3012	些	xie1/suo4/suo1
3013	歇	xie1/ya4
3014	蝎	xie1/he2
3015	鞋	xie2/wa1
3016	协	xie2
3017	挟	xie2/jia1
3018	携	xie2
3019	邪	xie2/ya2/ye2/xu2/she2
3020	斜	xie2/xia2/cha2/ye2
3021	胁	xie2
3022	谐	xie2
3023	写	xie3/xie4
3024	械	xie4
3025	卸	xie4
3026	蟹	xie4
3027	懈	xie4
3028	泄	xie4/yi4
3029	泻	xie4
3030	谢	xie4
3031	屑	xie4
3032	薪	xin1
3033	芯	xin1/xin4
3034	锌	xin1
3035	欣	xin1
3036	辛	xin1
3037	新	xin1
3038	忻	xin1
3039	心	xin1
3040	信	xin4/shen1
3041	衅	xin4
3042	星	xing1
3043	腥	xing1
3044	猩	xing1
3045	惺	xing1
3046	兴	xing4/xing1
3047	刑	xing2
3048	型	xing2
3049	形	xing2
3050	邢	xing2/geng3
3051	行	xing2/hang2/xing4/hang4/heng2
3052	醒	xing3/cheng2/jing1
3053	幸	xing4/nie4
3054	杏	xing4
3055	性	xing4
3056	姓	xing4/sheng1
3057	兄	xiong1/kuang4
3058	凶	xiong1
3059	胸	xiong1
3060	匈	xiong1
3061	汹	xiong1
3062	雄	xiong2
3063	熊	xiong2
3064	休	xiu1/xu4
3065	修	xiu1
3066	羞	xiu1
3067	朽	xiu3
3068	嗅	xiu4/xu4
3069	锈	xiu4
3070	秀	xiu4
3071	袖	xiu4
3072	绣	xiu4
3073	墟	xu1
3074	戌	xu1/qu
3075	需	xu1/nuo4/ru2/ruan3
3076	虚	xu1
3077	嘘	xu1/shi1
3078	须	xu1
3079	徐	xu2
3080	许	xu3/hao4
3081	蓄	xu4
3082	酗	xu4
3083	叙	xu4
3084	旭	xu4
3085	序	xu4
3086	畜	chu4/xu4
3087	恤	xu4
3088	絮	xu4/chu4/nv4/na4
3089	婿	xu4
3090	绪	xu4
3091	续	xu4
3092	轩	xuan1
3093	喧	xuan1/xuan3
3094	宣	xuan1
3095	悬	xuan2
3096	旋	xuan2/xuan4
3097	玄	xuan2/xuan4
3098	选	xuan3
3099	癣	xuan3
3100	眩	xuan4/huan4/juan4
3101	绚	xuan4
3102	靴	xue1
3103	薛	xue1
3104	学	xue2
3105	穴	xue2/jue2
3106	雪	xue3
3107	血	xue4/xie3
3108	勋	xun1
3109	熏	xun1/xun4
3110	循	xun2
3111	旬	xun2/jun1
3112	询	xun2
3113	寻	xun2/xin2
3114	驯	xun2
3115	巡	xun2/yan2/shun4
3116	殉	xun4
3117	汛	xun4
3118	训	xun4
3119	讯	xun4
3120	逊	xun4
3121	迅	xun4
3122	压	ya1/ya4
3123	押	ya1/xia2/jia3
3124	鸦	ya1
3125	鸭	ya1
3126	呀	ya/xia1/ya1
3127	丫	ya1
3128	芽	ya2
3129	牙	ya2/ya4
3130	蚜	ya2
3131	崖	ya2
3132	衙	ya2/yu2/yu4
3133	涯	ya2
3134	雅	ya3/ya1/ya2
3135	哑	ya3/ya1
3136	亚	ya4
3137	讶	ya4
3138	焉	yan1/yi2
3139	咽	yan4/yan1/ye4/yuan1
3140	阉	yan1
3141	烟	yan1/yin1
3142	淹	yan1/yan3
3143	盐	yan2
3144	严	yan2
3145	研	yan2/yan4/xing2
3146	蜒	yan2/yan4/dan4
3147	岩	yan2
3148	延	yan2
3149	言	yan2/yan4/yin2
3150	颜	yan2
3151	阎	yan2
3152	炎	yan2/yan4/tan2
3153	沿	yan2/yan3/yan4
3154	奄	yan3/yan1
3155	掩	yan3/yan4
3156	眼	yan3/wen3
3157	衍	yan3/yan2
3158	演	yan3/yan4
3159	艳	yan4
3160	堰	yan4
3161	燕	yan4/yan1
3162	厌	yan4
3163	砚	yan4
3164	雁	yan4
3165	唁	yan4
3166	彦	yan4/pan2
3167	焰	yan4
3168	宴	yan4
3169	谚	yan4
3170	验	yan4
3171	殃	yang1
3172	央	yang1/ying1
3173	鸯	yang1
3174	秧	yang1
3175	杨	yang2
3176	扬	yang2
3177	佯	yang2
3178	疡	yang2
3179	羊	yang2
3180	洋	yang2/xiang2/yang3
3181	阳	yang2
3182	氧	yang3
3183	仰	yang3/ang2
3184	痒	yang3/yang2
3185	养	yang3
3186	样	yang4/yang2
3187	漾	yang4
3188	邀	yao1
3189	腰	yao1
3190	妖	yao1/jiao3
3191	瑶	yao2
3192	摇	yao2
3193	尧	yao2
3194	遥	yao2
3195	窑	yao2
3196	谣	yao2
3197	姚	yao2/tiao4/tao2/yao4
3198	咬	yao3/jiao1/yao1/jiao3
3199	舀	yao3
3200	药	yao4
3201	要	yao4/yao1/yao3
3202	耀	yao4
3203	椰	ye1
3204	噎	ye1/yi4/sha4
3205	耶	ye2/xie2/ye1
3206	爷	ye2
3207	野	ye3/shu4
3208	冶	ye3
3209	也	ye3/yi2
3210	页	ye4
3211	掖	ye1/ye4
3212	业	ye4
3213	叶	ye4/xie2
3214	曳	ye4
3215	腋	ye4
3216	夜	ye4
3217	液	ye4/shi4
3218	一	yi1/yi2/yi4
3219	壹	yi1/yin1
3220	医	yi1/yi4
3221	揖	yi1/ji2
3222	铱	yi1
3223	依	yi1/yi3
3224	伊	yi1
3225	衣	yi1/yi4
3226	颐	yi2
3227	夷	yi2
3228	遗	yi2/wei4
3229	移	yi2/chi3/yi4
3230	仪	yi2
3231	胰	yi2
3232	疑	yi2/ning2
3233	沂	yi2/yin2
3234	宜	yi2
3235	姨	yi2
3236	彝	yi2
3237	椅	yi3/yi1
3238	蚁	yi3
3239	倚	yi3/ji1/yi1
3240	已	yi3/si4
3241	乙	yi3/yi4/jue2
3242	矣	yi3/xian2
3243	以	yi3/si4
3244	艺	yi4
3245	抑	yi4
3246	易	yi4
3247	邑	yi4/e4
3248	屹	yi4/ge1
3249	亿	yi4
3250	役	yi4
3251	臆	yi4/yi3
3252	逸	yi4
3253	肄	yi4/si4
3254	疫	yi4
3255	亦	yi4
3256	裔	yi4
3257	意	yi4/yi1
3258	毅	yi4
3259	忆	yi4
3260	义	yi4
3261	益	yi4
3262	溢	yi4
3263	诣	yi4
3264	议	yi4
3265	谊	yi4
3266	译	yi4
3267	异	yi4/yi2
3268	翼	yi4
3269	翌	yi4
3270	绎	yi4
3271	茵	yin1
3272	荫	yin1/yin4
3273	因	yin1
3274	殷	yin1/yin3/yan1
3275	音	yin1
3276	阴	yin1
3277	姻	yin1
3278	吟	yin2/yin3/jin4
3279	银	yin2
3280	淫	yin2/yan4/yao2
3281	寅	yin2
3282	饮	yin3/yin4
3283	尹	yin3/yun2
3284	引	yin3
3285	隐	yin3
3286	印	yin4/yi4
3287	英	ying1/yang1
3288	樱	ying1
3289	婴	ying1
3290	鹰	ying1
3291	应	ying1/ying4
3292	缨	ying1
3293	莹	ying2
3294	萤	ying2
3295	营	ying2
3296	荧	ying2
3297	蝇	ying2
3298	迎	ying2/ying4
3299	赢	ying2
3300	盈	ying2
3301	影	ying3
3302	颖	ying3
3303	硬	ying4/geng3
3304	映	ying4/yang3
3305	哟	yo1/yo
3306	拥	yong1
3307	佣	yong1/yong4
3308	臃	yong1
3309	痈	yong1
3310	庸	yong1/yong2
3311	雍	yong1
3312	踊	yong3
3313	蛹	yong3
3314	咏	yong3
3315	泳	yong3
3316	涌	yong3/chong1
3317	永	yong3
3318	恿	yong3/tong1
3319	勇	yong3
3320	用	yong4
3321	幽	you1
3322	优	you1/you2
3323	悠	you1
3324	忧	you1/you4
3325	尤	you2
3326	由	you2/yao1
3327	邮	you2
3328	铀	you2
3329	犹	you2/you4
3330	油	you2/you4
3331	游	you2/liu2
3332	酉	you3
3333	有	you3/you4/wei3
3334	友	you3
3335	右	you4
3336	佑	you4
3337	釉	you4
3338	诱	you4
3339	又	you4
3340	幼	you4/yao4
3341	迂	yu1
3342	淤	yu1
3343	于	yu2/wei2/yu1/xu1
3344	盂	yu2
3345	榆	yu2
3346	虞	yu2
3347	愚	yu2
3348	舆	yu2
3349	余	yu2/tu2/xu2/yu4
3350	俞	yu2/shu4
3351	逾	yu2/dou4
3352	鱼	yu2
3353	愉	yu2/tou1/yu3
3354	渝	yu2/yu1
3355	渔	yu2
3356	隅	yu2
3357	予	yu3/yu2/zhu4
3358	娱	yu2
3359	雨	yu3/yu4
3360	与	yu3/yu2/yu4
3361	屿	yu3
3362	禹	yu3
3363	宇	yu3
3364	语	yu3/yu4
3365	羽	yu3/hu4
3366	玉	yu4
3367	域	yu4
3368	芋	yu4/yu2/xu1/yu3
3369	郁	yu4
3370	吁	xu1/yu4/yu1
3371	遇	yu4/yong2/ou3
3372	喻	yu4/yu2
3373	峪	yu4
3374	御	yu4/ya4
3375	愈	yu4
3376	欲	yu4
3377	狱	yu4
3378	育	yu4/zhou4/yo1
3379	誉	yu4
3380	浴	yu4
3381	寓	yu4
3382	裕	yu4
3383	预	yu4
3384	豫	yu4/xie4/shu1
3385	驭	yu4
3386	鸳	yuan1
3387	渊	yuan1
3388	冤	yuan1
3389	元	yuan2
3390	垣	yuan2
3391	袁	yuan2
3392	原	yuan2
3393	援	yuan2/huan4
3394	辕	yuan2
3395	园	yuan2/wan2
3396	员	yuan2/yun2/yun4
3397	圆	yuan2
3398	猿	yuan2
3399	源	yuan2
3400	缘	yuan2
3401	远	yuan3
3402	苑	yuan4/yuan1/yu4/yun4
3403	愿	yuan4
3404	怨	yuan4/yun4
3405	院	yuan4
3406	曰	yue1
3407	约	yue1/yao1
3408	越	yue4/huo2
3409	跃	yue4
3410	钥	yao4/yue4
3411	岳	yue4
3412	粤	yue4
3413	月	yue4/ru4
3414	悦	yue4
3415	阅	yue4
3416	耘	yun2
3417	云	yun2
3418	郧	yun2
3419	匀	yun2/jun1/yun4
3420	陨	yun3
3421	允	yun3/yuan2
3422	运	yun4/yun3
3423	蕴	yun4
3424	酝	yun4
3425	晕	yun1/yun4
3426	韵	yun4
3427	孕	yun4
3428	匝	za1
3429	砸	za2
3430	杂	za2/duo3
3431	栽	zai1/zai4
3432	哉	zai1
3433	灾	zai1
3434	宰	zai3
3435	载	zai4/zai3
3436	再	zai4
3437	在	zai4
3438	咱	zan2/za2/za3/zan
3439	攒	zan3/cuan2
3440	暂	zan4
3441	赞	zan4
3442	赃	zang1
3443	脏	zang4/zang1
3444	葬	zang4
3445	遭	zao1
3446	糟	zao1
3447	凿	zao2/zuo4
3448	藻	zao3
3449	枣	zao3
3450	早	zao3
3451	澡	zao3/cao1
3452	蚤	zao3/zhao3
3453	躁	zao4
3454	噪	zao4
3455	造	zao4/cao4/cao1
3456	皂	zao4
3457	灶	zao4
3458	燥	zao4/sao4
3459	责	ze2
3460	择	ze2/zhai2
3461	则	ze2
3462	泽	ze2
3463	贼	zei2
3464	怎	zen3
3465	增	zeng1/zeng4/ceng2
3466	憎	zeng1
3467	曾	ceng2/zeng1
3468	赠	zeng4
3469	扎	zha1/zha2/zha3/za1
3470	喳	zha1/zha/cha1
3471	渣	zha1
3472	札	zha2/ya4
3473	轧	ya4/ga2/zha2
3474	铡	zha2
3475	闸	zha2
3476	眨	zha3
3477	栅	zha4/shan1/ce4
3478	榨	zha4
3479	咋	za3/ze2/zha4/zha1
3480	乍	zha4/zuo4
3481	炸	zha4/zha2
3482	诈	zha4
3483	摘	zhai1
3484	斋	zhai1
3485	宅	zhai2/che4/du4
3486	窄	zhai3
3487	债	zhai4
3488	寨	zhai4/se4/qian1
3489	瞻	zhan1
3490	毡	zhan1
3491	詹	zhan1/dan4
3492	粘	zhan1/nian2
3493	沾	zhan1/tian1/dian4/chan1
3494	盏	zhan3
3495	斩	zhan3
3496	辗	nian3/zhan3
3497	崭	zhan3
3498	展	zhan3
3499	蘸	zhan4
3500	栈	zhan4
3501	占	zhan4/zhan1/tie1
3502	战	zhan4
3503	站	zhan4/zhan1
3504	湛	zhan4/chen2/dan1/tan2/jin4/yin3/chen3/yin2/shen4
3505	绽	zhan4
3506	樟	zhang1
3507	章	zhang1/zhang4
3508	彰	zhang1
3509	漳	zhang1
3510	张	zhang1
3511	掌	zhang3
3512	涨	zhang3/zhang4
3513	杖	zhang4
3514	丈	zhang4
3515	帐	zhang4
3516	账	zhang4
3517	仗	zhang4
3518	胀	zhang4
3519	瘴	zhang4
3520	障	zhang4/zhang1
3521	招	zhao1/qiao2/shao2
3522	昭	zhao1/zhao4
3523	找	zhao3/hua2
3524	沼	zhao3
3525	赵	zhao4
3526	照	zhao4
3527	罩	zhao4
3528	兆	zhao4
3529	肇	zhao4
3530	召	zhao4/shao4
3531	遮	zhe1
3532	折	zhe2/she2/ti2/zhe1
3533	哲	zhe2
3534	蛰	zhe2
3535	辙	zhe2
3536	者	zhe3
3537	锗	zhe3
3538	蔗	zhe4
3539	这	zhe4/zhei4
3540	浙	zhe4
3541	珍	zhen1
3542	斟	zhen1
3543	真	zhen1
3544	甄	zhen1/zhen4/juan4
3545	砧	zhen1
3546	臻	zhen1
3547	贞	zhen1
3548	针	zhen1
3549	侦	zhen1
3550	枕	zhen3/chen2
3551	疹	zhen3/chen4
3552	诊	zhen3
3553	震	zhen4/shen1
3554	振	zhen4/zhen1/zhen3
3555	镇	zhen4
3556	阵	zhen4
3557	蒸	zheng1
3558	挣	zheng1/zheng4
3559	睁	zheng1
3560	征	zheng1
3561	狰	zheng1
3562	争	zheng1
3563	怔	zheng1/zheng4
3564	整	zheng3
3565	拯	zheng3
3566	正	zheng4/zheng1
3567	政	zheng4/zheng1
3568	帧	zheng4
3569	症	zheng4/zheng1
3570	郑	zheng4
3571	证	zheng4
3572	芝	zhi1
3573	枝	zhi1/qi2
3574	支	zhi1/zhi4/qi2
3575	吱	zhi1/zi1/qi4
3576	蜘	zhi1
3577	知	zhi1/zhi4
3578	肢	zhi1/shi4
3579	脂	zhi1/zhi3
3580	汁	zhi1/xie2/shi2
3581	之	zhi1/zhu4/zhi4
3582	织	zhi1
3583	职	zhi2
3584	直	zhi2
3585	植	zhi2
3586	殖	zhi2/shi4/shi
3587	执	zhi2
3588	值	zhi2
3589	侄	zhi2
3590	址	zhi3
3591	指	zhi3/zhi1/zhi2
3592	止	zhi3
3593	趾	zhi3
3594	只	zhi3/zhi1
3595	旨	zhi3
3596	纸	zhi3
3597	志	zhi4
3598	挚	zhi4
3599	掷	zhi4/zhi1
3600	至	zhi4/die2
3601	致	zhi4/zhui4
3602	置	zhi4
3603	帜	zhi4
3604	峙	zhi4/shi4
3605	制	zhi4
3606	智	zhi4/zhi1
3607	秩	zhi4
3608	稚	zhi4
3609	质	zhi4
3610	炙	zhi4
3611	痔	zhi4
3612	滞	zhi4
3613	治	zhi4/chi2
3614	窒	zhi4/die2
3615	中	zhong1/zhong4
3616	盅	zhong1/chong1
3617	忠	zhong1
3618	钟	zhong1
3619	衷	zhong1/zhong4
3620	终	zhong1
3621	种	zhong3/chong2/zhong4
3622	肿	zhong3
3623	重	zhong4/chong2/tong2
3624	仲	zhong4
3625	众	zhong4/yin2
3626	舟	zhou1
3627	周	zhou1
3628	州	zhou1
3629	洲	zhou1
3630	诌	zhou1
3631	粥	zhou1/yu4
3632	轴	zhou2/zhou4
3633	肘	zhou3
3634	帚	zhou3
3635	咒	zhou4
3636	皱	zhou4
3637	宙	zhou4
3638	昼	zhou4
3639	骤	zhou4
3640	珠	zhu1
3641	株	zhu1
3642	蛛	zhu1
3643	朱	zhu1/shu1
3644	猪	zhu1
3645	诸	zhu1
3646	诛	zhu1
3647	逐	zhu2/di2/zhou4/tun2
3648	竹	zhu2
3649	烛	zhu2/chong2
3650	煮	zhu3
3651	拄	zhu3
3652	瞩	zhu3
3653	嘱	zhu3
3654	主	zhu3/zhu4
3655	著	zhe/zhu4/chu2/zhuo2/zhao1/zhao2
3656	柱	zhu4/zhu3
3657	助	zhu4/chu2
3658	蛀	zhu4
3659	贮	zhu4
3660	铸	zhu4
3661	筑	zhu4/zhu2
3662	住	zhu4
3663	注	zhu4/zhou4
3664	祝	zhu4/zhou4/chu4
3665	驻	zhu4
3666	抓	zhua1
3667	爪	zhao3/zhua3
3668	拽	zhuai1/ye4/zhuai4
3669	专	zhuan1
3670	砖	zhuan1
3671	转	zhuan3/zhuai3/zhuan4
3672	撰	zhuan4/xuan3/suan4
3673	赚	zhuan4/zuan4
3674	篆	zhuan4
3675	桩	zhuang1
3676	庄	zhuang1/peng2
3677	装	zhuang1
3678	妆	zhuang1
3679	撞	zhuang4
3680	壮	zhuang4
3681	状	zhuang4
3682	椎	chui2/zhui1
3683	锥	zhui1
3684	追	zhui1/dui1/tui1
3685	赘	zhui4
3686	坠	zhui4
3687	缀	zhui4
3688	谆	zhun1
3689	准	zhun3
3690	捉	zhuo1
3691	拙	zhuo1
3692	卓	zhuo1
3693	桌	zhuo1
3694	琢	zuo2/zhuo2
3695	茁	zhuo2/zhu2
3696	酌	zhuo2
3697	啄	zhuo2/zhou4
3698	着	zhe/zhuo2/zhao1/zhao2
3699	灼	zhuo2
3700	浊	zhuo2
3701	兹	zi1/ci2
3702	咨	zi1
3703	资	zi1
3704	姿	zi1/zi4
3705	滋	zi1/ci2/xuan2
3706	淄	zi1
3707	孜	zi1
3708	紫	zi3
3709	仔	zai3/zi3/zi1
3710	籽	zi3
3711	滓	zi3
3712	子	zi/zi3
3713	自	zi4
3714	渍	zi4
3715	字	zi4
3716	鬃	zong1
3717	棕	zong1
3718	踪	zong1
3719	宗	zong1
3720	综	zong1/zeng4
3721	总	zong3
3722	纵	zong4
3723	邹	zou1
3724	走	zou3
3725	奏	zou4/cou4
3726	揍	zou4/cou4
3727	租	zu1/ju1
3728	足	zu2/ju4
3729	卒	zu2/cu4/cui4
3730	族	zu2/sou3/cou4/zou4
3731	祖	zu3/jie1
3732	诅	zu3
3733	阻	zu3/zhu4
3734	组	zu3
3735	钻	zuan1/zuan4
3736	纂	zuan3
3737	嘴	zui3
3738	醉	zui4
3739	最	zui4/cuo1
3740	罪	zui4
3741	尊	zun1
3742	遵	zun1
3743	昨	zuo2
3744	左	zuo3
3745	佐	zuo3
3746	柞	zha4/zuo4/ze2
3747	做	zuo4
3748	作	zuo4/zuo1/zuo2
3749	坐	zuo4
3750	座	zuo4
